vendor_id,vendor_name,category,date,amount_inr,description,po_number,source,record_id,building_id
AUTH-BBMP-EE-PDMBNGR,BBMP-EE-PDMBNGR,General Civil Works,2025-04-27 15:15:00,1186957.0,Providing drinking water works in ward no 183 in Padmanabhanagara Division,BBMP/2017-18/OW/WORK_INDENT25412,bbmp_capital_works,COST-00001,BLD-HQ-01
AUTH-BBMP-EE-MAHADEVAPURA,BBMP-EE-MAHADEVAPURA,General Civil Works,2025-04-29 15:15:00,3597916.0,Improvements to roads and drains at Srirama Nursing Home road at Marathahalli in Ward No:86,BBMP/2016-17/OW/WORK_INDENT24326/CALL-2,bbmp_capital_works,COST-00002,BLD-HQ-01
AUTH-BBMP-EE-MAHADEVAPURA,BBMP-EE-MAHADEVAPURA,General Civil Works,2025-04-29 15:15:00,1997687.0,Construction of road and drain at 5th cross Tulasi Theater main road at Marathahalli at Ward no :86,BBMP/2016-17/OW/WORK_INDENT24324/CALL-2,bbmp_capital_works,COST-00003,BLD-HQ-01
AUTH-BBMP-EE-MAHADEVAPURA,BBMP-EE-MAHADEVAPURA,General Civil Works,2025-04-29 15:15:00,2494014.0,Improvements and Asphalting to roads at Maruthi layout in ward no.83 Kadugudi,BBMP/2016-17/OW/WORK_INDENT23955/CALL-3,bbmp_capital_works,COST-00004,BLD-HQ-01
AUTH-BBMP-EE-MAHADEVAPURA,BBMP-EE-MAHADEVAPURA,General Civil Works,2025-04-29 15:15:00,1993857.0,Improvements to roads and drains of Kadugudi Extention near BESCOM office in Kadugudi ward No.83,BBMP/2016-17/OW/WORK_INDENT23804/CALL-3,bbmp_capital_works,COST-00005,BLD-HQ-01
AUTH-BBMP-EE-MAHADEVAPURA,BBMP-EE-MAHADEVAPURA,General Civil Works,2025-04-29 15:15:00,1497443.0,Improvements to roads and drains at VSR Layout and Purushotham Singh house road in Kadugudi ward No.83,BBMP/2016-17/OW/WORK_INDENT23806/CALL-3,bbmp_capital_works,COST-00006,BLD-HQ-01
AUTH-BBMP-EE-MAHADEVAPURA,BBMP-EE-MAHADEVAPURA,General Civil Works,2025-04-29 15:15:00,1991875.0,Improvements to roads and drains of Prashanth Layout Main road in Kadugudi ward No.83,BBMP/2016-17/OW/WORK_INDENT23805/CALL-3,bbmp_capital_works,COST-00007,BLD-HQ-01
AUTH-BBMP-EE-MAHADEVAPURA,BBMP-EE-MAHADEVAPURA,General Civil Works,2025-04-29 15:15:00,1498123.0,Improvements to roads and drains at Vijayalakshmi colony cross roads in Kadugudi ward No.83,BBMP/2016-17/OW/WORK_INDENT23810/CALL-3,bbmp_capital_works,COST-00008,BLD-HQ-01
AUTH-BBMP-EE-MAHADEVAPURA,BBMP-EE-MAHADEVAPURA,General Civil Works,2025-04-29 15:15:00,1993668.0,Construction of drains to 3rd cross road of Kadugudi plantation (Dinnur) in Kadugudi ward No.83,BBMP/2016-17/OW/WORK_INDENT23812/CALL-3,bbmp_capital_works,COST-00009,BLD-HQ-01
AUTH-BBMP-EE-MAHADEVAPURA,BBMP-EE-MAHADEVAPURA,General Civil Works,2025-04-29 15:15:00,2480499.0,Improvements to roads and construction of drains to 1st Main road Ambedkarnagara in Kadugudi ward No.83,BBMP/2016-17/OW/WORK_INDENT23803/CALL-3,bbmp_capital_works,COST-00010,BLD-HQ-01
AUTH-BBMP-EE-MAHADEVAPURA,BBMP-EE-MAHADEVAPURA,General Civil Works,2025-04-29 15:15:00,1497920.0,Improvements to roads and drains at Shankarapura colony in Kadugudi ward No.83,BBMP/2016-17/OW/WORK_INDENT23813/CALL-2,bbmp_capital_works,COST-00011,BLD-HQ-01
AUTH-BBMP-EE-MAHADEVAPURA,BBMP-EE-MAHADEVAPURA,General Civil Works,2025-04-29 15:15:00,1494135.0,Special repairs and improvements to BBMP building at Kadugudi in Ward no.83,BBMP/2016-17/BD/WORK_INDENT23739/CALL-2,bbmp_capital_works,COST-00012,BLD-HQ-01
AUTH-BBMP-EE-MAHADEVAPURA,BBMP-EE-MAHADEVAPURA,General Civil Works,2025-04-29 15:15:00,1492631.0,Improvements to roads and drains at Di-Silva & Naidu Layout in Kadugudi ward No.83,BBMP/2016-17/OW/WORK_INDENT23808/CALL-3,bbmp_capital_works,COST-00013,BLD-HQ-01
AUTH-BBMP-EE-KRPURAM,BBMP-EE-KRPURAM,General Civil Works,2025-04-30 15:15:00,17326034.0,Develoment works in Ward No. 56 A.Narayanapura,BBMP/2017-18/OW/WORK_INDENT25415,bbmp_capital_works,COST-00014,BLD-HQ-01
AUTH-BBMP-EE-KRPURAM,BBMP-EE-KRPURAM,General Civil Works,2025-04-30 15:15:00,19248763.0,Construction of Dialysis Center at Krishna Raja Puram,BBMP/2017-18/OW/WORK_INDENT25421,bbmp_capital_works,COST-00015,BLD-HQ-01
AUTH-BBMP-EE-KRPURAM,BBMP-EE-KRPURAM,General Civil Works,2025-04-30 15:15:00,17324793.0,Construction of First Floor & Second Floor at M.E.G. Layout Akash Nagar in Ward No. 81,BBMP/2017-18/OW/WORK_INDENT25420,bbmp_capital_works,COST-00016,BLD-HQ-01
AUTH-BBMP-EE-KRPURAM,BBMP-EE-KRPURAM,General Civil Works,2025-04-30 15:15:00,17325088.0,"Development works in ward no.55, Devasandra.",BBMP/2017-18/OW/WORK_INDENT25414,bbmp_capital_works,COST-00017,BLD-HQ-01
AUTH-BBMP-EE-MAHADEVAPURA,BBMP-EE-MAHADEVAPURA,General Civil Works,2025-04-30 15:15:00,1979729.0,Improvements to Roads and drains at Seetharampalya in Garudacharpalya ward no-82,BBMP/2016-17/OW/WORK_INDENT23961/CALL-3,bbmp_capital_works,COST-00018,BLD-HQ-01
AUTH-BBMP-EE-MAHADEVAPURA,BBMP-EE-MAHADEVAPURA,General Civil Works,2025-04-30 15:15:00,1494592.0,"Maintenance and Repairs to Culverts, drains in Ward No-54",BBMP/2016-17/OW/WORK_INDENT24689/CALL-2,bbmp_capital_works,COST-00019,BLD-HQ-01
AUTH-BBMP-EE-MAHADEVAPURA,BBMP-EE-MAHADEVAPURA,General Civil Works,2025-04-30 15:15:00,680423.0,Demolition of Unauthorized Building and removal of debris at Sy no.102-2 Pattanduru Agrahara in Garudacharpalya ward no.82,BBMP/2016-17/OW/WORK_INDENT24684/CALL-2,bbmp_capital_works,COST-00020,BLD-HQ-01
AUTH-BBMP-EE-MAHADEVAPURA,BBMP-EE-MAHADEVAPURA,General Civil Works,2025-04-30 15:15:00,1977525.0,Improvementing roads and drains of Nalluralli cross roads in ward no.84,BBMP/2016-17/OW/WORK_INDENT21405/CALL-5,bbmp_capital_works,COST-00021,BLD-HQ-01
AUTH-BBMP-EE-MAHADEVAPURA,BBMP-EE-MAHADEVAPURA,General Civil Works,2025-04-30 15:15:00,994573.0,Providing and fixing of Name boards at Hoodi ward no.54,BBMP/2016-17/OW/WORK_INDENT24693/CALL-2,bbmp_capital_works,COST-00022,BLD-HQ-01
AUTH-BBMP-EE-KRPURAM,BBMP-EE-KRPURAM,General Civil Works,2025-05-01 15:15:00,1962077.0,Construction of Watchmen room and improvement to burrial ground at singaiahnapalya and tent road Devasandra in ward no 55,BBMP/2016-17/OW/WORK_INDENT23951/CALL-3,bbmp_capital_works,COST-00023,BLD-HQ-01
AUTH-BBMP-EE-KRPURAM,BBMP-EE-KRPURAM,General Civil Works,2025-05-01 15:15:00,2498370.0,Repairs and Maintenance Works BBMP Building in HAL Airport Ward no 87,BBMP/2016-17/OW/WORK_INDENT24003/CALL-3,bbmp_capital_works,COST-00024,BLD-HQ-01
AUTH-BBMP-EE-KRPURAM,BBMP-EE-KRPURAM,General Civil Works,2025-05-01 15:15:00,430560.0,Annual Maintenance of BBMP Building in ANarayanapura water supply sanitary etc of A NARAYANAPURA IN WARD NO 56,BBMP/2016-17/OW/WORK_INDENT23964/CALL-2,bbmp_capital_works,COST-00025,BLD-HQ-01
AUTH-BBMP-EE-KRPURAM,BBMP-EE-KRPURAM,General Civil Works,2025-05-01 15:15:00,3990102.0,Construction of multi purpose Building in HAL Airport Ward No 87,BBMP/2016-17/OW/WORK_INDENT24012/CALL-3,bbmp_capital_works,COST-00026,BLD-HQ-01
AUTH-BBMP-EE-KRPURAM,BBMP-EE-KRPURAM,General Civil Works,2025-05-01 15:15:00,2289370.0,Consturction of multipurpose hall in ward No 56,BBMP/2016-17/OW/WORK_INDENT23957/CALL-3,bbmp_capital_works,COST-00027,BLD-HQ-01
AUTH-BBMP-EE-KRPURAM,BBMP-EE-KRPURAM,General Civil Works,2025-05-01 15:15:00,2743425.0,Construction of Toilet Block Kitchen and Providing Furiture for Newly Proposed Community hall in Ward no 56,BBMP/2016-17/OW/WORK_INDENT23963/CALL-3,bbmp_capital_works,COST-00028,BLD-HQ-01
AUTH-BBMP-EE-KRPURAM,BBMP-EE-KRPURAM,General Civil Works,2025-05-01 15:15:00,4999166.0,Construction of Balawadi building in Jyothinagar in Madahalli Basavanapura ward no 53,BBMP/2016-17/OW/WORK_INDENT24033/CALL-3,bbmp_capital_works,COST-00029,BLD-HQ-01
AUTH-BBMP-EE-MAHADEVAPURA,BBMP-EE-MAHADEVAPURA,General Civil Works,2025-05-01 15:15:00,498390.0,Repairs and Improvements to Over Head Tank at Dinnur and Channasnadra in Ward No. 83 (Kadugudi),BBMP/2017-18/OW/WORK_INDENT25422,bbmp_capital_works,COST-00030,BLD-HQ-01
AUTH-BBMP-EE-KRPURAM,BBMP-EE-KRPURAM,General Civil Works,2025-05-01 15:15:00,2964367.0,Improvements to Roads and Drains at Kanaka Nagara Surrounding Area Cross Roads in RM Nagara Ward No 26,BBMP/2016-17/OW/WORK_INDENT24005/CALL-3,bbmp_capital_works,COST-00031,BLD-HQ-01
AUTH-BBMP-EE-KRPURAM,BBMP-EE-KRPURAM,General Civil Works,2025-05-01 15:15:00,4493006.0,Improvements to Existing Kalyani Area at Kalkere Village in R M Nagara Ward No 26,BBMP/2016-17/OW/WORK_INDENT24063/CALL-3,bbmp_capital_works,COST-00032,BLD-HQ-01
AUTH-BBMP-EE-KRPURAM,BBMP-EE-KRPURAM,General Civil Works,2025-05-01 15:15:00,999959.0,Improvements to Kowdenahalli Ashwatha Katte Area in R M Nagara Ward No 26,BBMP/2016-17/OW/WORK_INDENT24064/CALL-3,bbmp_capital_works,COST-00033,BLD-HQ-01
AUTH-BBMP-EE-KRPURAM,BBMP-EE-KRPURAM,General Civil Works,2025-05-01 15:15:00,1474672.0,Construction of Culverts in emergency required area at R M Nagara ward area in Ward No 26,BBMP/2016-17/OW/WORK_INDENT24015/CALL-3,bbmp_capital_works,COST-00034,BLD-HQ-01
AUTH-BBMP-EE-CHAMARAJPETH,BBMP-EE-Chamarajpeth,General Civil Works,2025-05-01 15:15:00,6767771.0,Rejuvunation and construction of Kennels in Veternary Hospital Premises in Ward No 138,BBMP/2017-18/OW/WORK_INDENT25441,bbmp_capital_works,COST-00035,BLD-HQ-01
AUTH-BBMP-EE-PDMBNGR,BBMP-EE-PDMBNGR,General Civil Works,2025-05-01 15:15:00,5500000.0,Providing and fixing 16 feet brass metal statue of swamy vivekananda in Yadiyur lake park in ward no 167,BBMP/2016-17/OW/WORK_INDENT24297/CALL-2,bbmp_capital_works,COST-00036,BLD-HQ-01
AUTH-BBMP-EE-KRPURAM,BBMP-EE-KRPURAM,General Civil Works,2025-05-01 15:15:00,3978945.0,Improvements to Roads and Drains at K Channasandra Surrounding Area Cross Roads in R M Nagara Ward No 26,BBMP/2016-17/OW/WORK_INDENT24009/CALL-3,bbmp_capital_works,COST-00037,BLD-HQ-01
AUTH-BBMP-EE-CHAMARAJPETH,BBMP-EE-Chamarajpeth,General Civil Works,2025-05-02 15:15:00,1499446.0,Improvements and Asphalting to Rangantha Colony 1st Main road in Ward No 137,BBMP/2016-17/RD/WORK_INDENT24719/CALL-2,bbmp_capital_works,COST-00038,BLD-HQ-01
AUTH-BBMP-EE-BTMLAYOUT,BBMP-EE-BTMLAYOUT,General Civil Works,2025-05-02 15:15:00,992532.0,Construction of Rain water Harvesting in ward No. 152 (Suddaguntepalya),BBMP/2017-18/OW/WORK_INDENT25445,bbmp_capital_works,COST-00039,BLD-HQ-01
AUTH-BBMP-EE-BTMLAYOUT,BBMP-EE-BTMLAYOUT,General Civil Works,2025-05-02 15:15:00,570132.0,Construction of Toilet Block at Bus Stand near Police quarters in Lakkasandra in ward No. 146 Lakkasandra,BBMP/2017-18/OW/WORK_INDENT25438,bbmp_capital_works,COST-00040,BLD-HQ-01
AUTH-BBMP-EE-BTMLAYOUT,BBMP-EE-BTMLAYOUT,General Civil Works,2025-05-02 15:15:00,1198264.0,Engagement of Gangman and hiring of tractor / Tipper for cleaning and maintenance of Road side drains and other cleaning work the year 2017-18 in ward No. 146 (Lakkasandra),BBMP/2017-18/OW/WORK_INDENT25436,bbmp_capital_works,COST-00041,BLD-HQ-01
AUTH-BBMP-EE-CHIKPETH,BBMP-EE-Chikpeth,General Civil Works,2025-05-02 15:15:00,925118.0,Yearly maintenance and special maintenance for the BBMP Buildings in ward no 144,BBMP/2017-18/OW/WORK_INDENT25478,bbmp_capital_works,COST-00042,BLD-HQ-01
AUTH-BBMP-EE-CHIKPETH,BBMP-EE-Chikpeth,General Civil Works,2025-05-02 15:15:00,4452333.0,"Improvements of CC roads,Asphalting road and RCC Drains Someshwara Colony In ward No: 144",BBMP/2017-18/OW/WORK_INDENT25482,bbmp_capital_works,COST-00043,BLD-HQ-01
AUTH-BBMP-EE-MAHADEVAPURA,BBMP-EE-MAHADEVAPURA,General Civil Works,2025-05-02 15:15:00,1273844.0,Providing drinking water works in ward no.83 in Mahadevapura division,BBMP/2017-18/OW/WORK_INDENT25477,bbmp_capital_works,COST-00044,BLD-HQ-01
AUTH-BBMP-EE-MAHADEVAPURA,BBMP-EE-MAHADEVAPURA,General Civil Works,2025-05-02 15:15:00,999401.0,Repairs to Manholes in Garudacharpalya ward no.82,BBMP/2017-18/OW/WORK_INDENT25465,bbmp_capital_works,COST-00045,BLD-HQ-01
AUTH-BBMP-EE-BTMLAYOUT,BBMP-EE-BTMLAYOUT,General Civil Works,2025-05-02 15:15:00,1992542.0,Improvements to Roads at Maruthi Nagara Madiwala Extn and surrounding area in ward No. 152 (Suddaguntepalya),BBMP/2017-18/OW/WORK_INDENT25447,bbmp_capital_works,COST-00046,BLD-HQ-01
AUTH-BBMP-EE-CVRAMANNAGAR,BBMP-EE-CVRAMANNAGAR,General Civil Works,2025-05-02 15:15:00,1979883.0,Providing cement concrete Road at Ramaswamy layout in Malleshpalya in Ward No.57,BBMP/2016-17/RD/WORK_INDENT23094/CALL-3,bbmp_capital_works,COST-00047,BLD-HQ-01
AUTH-BBMP-EE-MAHADEVAPURA,BBMP-EE-MAHADEVAPURA,General Civil Works,2025-05-02 15:15:00,3959562.0,Improvements to Internal Roads and drains at Kaverinagara in Garudacharpalya ward no.82,BBMP/2017-18/OW/WORK_INDENT25462,bbmp_capital_works,COST-00048,BLD-HQ-01
AUTH-BBMP-EE-MAHADEVAPURA,BBMP-EE-MAHADEVAPURA,General Civil Works,2025-05-02 15:15:00,1995444.0,Development of Garden at Alfa Garden in ward no-54,BBMP/2017-18/OW/WORK_INDENT25431,bbmp_capital_works,COST-00049,BLD-HQ-01
AUTH-BBMP-EE-MAHADEVAPURA,BBMP-EE-MAHADEVAPURA,General Civil Works,2025-05-02 15:15:00,499152.0,"Improvements and providing water supply, sanitary works, Electical works, furniture to ward office in ward no 54",BBMP/2017-18/OW/WORK_INDENT25458,bbmp_capital_works,COST-00050,BLD-HQ-01
AUTH-BBMP-EE-MAHADEVAPURA,BBMP-EE-MAHADEVAPURA,General Civil Works,2025-05-02 15:15:00,4494648.0,Improvements to internal roads and drains at Ayappanagara(Vinayaka layout) in ward no-54,BBMP/2017-18/OW/WORK_INDENT25429,bbmp_capital_works,COST-00051,BLD-HQ-01
AUTH-BBMP-EE-MAHADEVAPURA,BBMP-EE-MAHADEVAPURA,General Civil Works,2025-05-02 15:15:00,3999715.0,Improvements to internal roads and drains at Byrathi in ward no-54,BBMP/2017-18/OW/WORK_INDENT25428,bbmp_capital_works,COST-00052,BLD-HQ-01
AUTH-BBMP-EE-MAHADEVAPURA,BBMP-EE-MAHADEVAPURA,General Civil Works,2025-05-02 15:15:00,4898163.0,Improvements to road and drains at Ramanna layout Ist and 2nd cross Byrathi village in w.no.54,BBMP/2017-18/OW/WORK_INDENT25423,bbmp_capital_works,COST-00053,BLD-HQ-01
AUTH-BBMP-EE-MAHADEVAPURA,BBMP-EE-MAHADEVAPURA,General Civil Works,2025-05-02 15:15:00,3969676.0,Improvements to Internal Roads and drain at Garudacharpalya ward no.82,BBMP/2017-18/OW/WORK_INDENT25461,bbmp_capital_works,COST-00054,BLD-HQ-01
AUTH-BBMP-EE-CHAMARAJPETH,BBMP-EE-Chamarajpeth,General Civil Works,2025-05-03 15:15:00,1198752.0,Engaging Private Labour and Tractor for Ward Maintenance in Ward No. 140,BBMP/2016-17/OW/WORK_INDENT24761/CALL-2,bbmp_capital_works,COST-00055,BLD-HQ-01
AUTH-BBMP-EE-GVND,BBMP_EE_GVND,General Civil Works,2025-05-14 15:15:00,340120691.0,"Comprehensive development of Asphalting works, roads drains and other allied works in Ward No 126,127,128 and 131 of Chandra Layout Sub Division Jurisdiction (Comprising of 48 works)",BBMP/2017-18/OW/WORK_INDENT25501,bbmp_capital_works,COST-00056,BLD-HQ-01
AUTH-BBMP-EE-GVND,BBMP_EE_GVND,General Civil Works,2025-05-14 15:15:00,319785177.0,"Comprehensive development of Asphalting works, roads drains and other allied works in Ward No. 103,104,105,106 & 125 of Govindrajnagar Division 2016-17 (Comprising of 19 works)",BBMP/2017-18/OW/WORK_INDENT25500,bbmp_capital_works,COST-00057,BLD-HQ-01
AUTH-BBMP-EE-PDMBNGR,BBMP-EE-PDMBNGR,General Civil Works,2025-05-14 15:15:00,800748.0,Providing Cleaning and Security Maintainance IPP Centre and Ward office Building ward no 180.,BBMP/2017-18/OW/WORK_INDENT25570,bbmp_capital_works,COST-00058,BLD-HQ-01
AUTH-BBMP-EE-PDMBNGR,BBMP-EE-PDMBNGR,General Civil Works,2025-05-14 15:15:00,1415020.0,Providing cleaning and security maintenance samudhaya Bhavan and ward office Building in ward no 166.,BBMP/2017-18/OW/WORK_INDENT25566,bbmp_capital_works,COST-00059,BLD-HQ-01
AUTH-BBMP-EE-ELEC-SOUTH,BBMP-EE-ELEC-SOUTH,Electrical Infrastructure,2025-05-14 15:15:00,1962098.0,Providing Lighting System to Kadirenahalli Park and Street light fittings in ward no 180.,BBMP/2017-18/EL/WORK_INDENT25552,bbmp_capital_works,COST-00060,BLD-HQ-01
AUTH-BBMP-EE-ELEC-SOUTH,BBMP-EE-ELEC-SOUTH,Electrical Infrastructure,2025-05-14 15:15:00,999970.0,Providing and fixing of LED street lights in Ward No 179 in Jaynagar Division.,BBMP/2017-18/EL/WORK_INDENT25559,bbmp_capital_works,COST-00061,BLD-HQ-01
AUTH-BBMP-EE-ELEC-SOUTH,BBMP-EE-ELEC-SOUTH,Electrical Infrastructure,2025-05-14 15:15:00,3499241.0,Supplying and installation testing and commissioning of Roof Top solar system to ward office in ward No 165.,BBMP/2017-18/EL/WORK_INDENT25554,bbmp_capital_works,COST-00062,BLD-HQ-01
AUTH-BBMP-EE-ELEC-SOUTH,BBMP-EE-ELEC-SOUTH,Electrical Infrastructure,2025-05-14 15:15:00,2169218.0,Providing Ornamental lights fixtures to 22nd main and 28th main in 4th T Block Jayanagar in ward no 168.,BBMP/2017-18/EL/WORK_INDENT25557,bbmp_capital_works,COST-00063,BLD-HQ-01
AUTH-BBMP-EE-ELEC-SOUTH,BBMP-EE-ELEC-SOUTH,Electrical Infrastructure,2025-05-14 15:15:00,2494548.0,Supply and installation of Lift to IPP Multipurpose building in 9th Main Yarabnagar in ward no 180.,BBMP/2017-18/EL/WORK_INDENT25553,bbmp_capital_works,COST-00064,BLD-HQ-01
AUTH-BBMP-EE-MR-SOUTH,BBMP-EE-MR-SOUTH,Bridges & Culverts,2025-05-15 15:15:00,188700000.0,Construction of Grade Separator at Gangamma Circle in Byatarayanapura Constituency,BBMP/2017-18/FL/WORK_INDENT25502,bbmp_capital_works,COST-00065,BLD-HQ-01
AUTH-BBMP-CORPORATION-OFF,BBMP-Corporation-Off,Facility Support Services,2025-05-15 15:15:00,1860000.0,"Consultancy service for Construction supervision Project Management and quality control for the work of Improvements and asphalting of Package no-S-2016-17-6 selected Arterial, Sub arterial and other Roads in Road Infrastructure South Division PMC4",EE/RIS/PMC/4/16-17,bbmp_capital_works,COST-00066,BLD-HQ-01
AUTH-BBMP-CORPORATION-OFF,BBMP-Corporation-Off,Facility Support Services,2025-05-15 15:15:00,1590000.0,"Consultancy service for Construction supervision Project Management and quality control for the work of Improvements and asphalting of Package no-S-2016-17-5 selected Arterial, Sub arterial and other Roads in Road Infrastructure South Division PMC 3",EE/RIS/PMC/3/16-17,bbmp_capital_works,COST-00067,BLD-HQ-01
AUTH-BBMP-EE-SARVAGNANAGAR,BBMP-EE-SARVAGNANAGAR,Bridges & Culverts,2025-05-15 15:15:00,1998825.0,"IMPROVEMENTS TO DRAIN AND CULVERT AT SANGOLLI RAYANNA ROAD MAIN ROAD IN WARD NO.27, BANASAWADI",BBMP/2017-18/BR/WORK_INDENT25562,bbmp_capital_works,COST-00068,BLD-HQ-01
AUTH-BBMP-EE-SARVAGNANAGAR,BBMP-EE-SARVAGNANAGAR,Roads & Pavements,2025-05-15 15:15:00,1999155.0,"IMPROVEMENTS TO DRAIN AND CULVERT IN 10th CROSS AND 11th CROSS ROAD (EX-SERVICEMAN COLONY) VENKATASWAMY LAYOUT IN WARD NO.27, BANASAWADI.",BBMP/2017-18/RD/WORK_INDENT25561,bbmp_capital_works,COST-00069,BLD-HQ-01
AUTH-BBMP-EE-BNG-SOUTH,BBMP-EE-BNG SOUTH,Water Supply & Sewage,2025-05-16 15:15:00,2922412.0,Reserve fund for Emergency works in Ward No 197 Vasanthapura,BBMP/2017-18/WS/WORK_INDENT25649,bbmp_capital_works,COST-00070,BLD-HQ-01
AUTH-BBMP-EE-CVRAMANNAGAR,BBMP-EE-CVRAMANNAGAR,General Civil Works,2025-05-16 15:15:00,909632.0,CONSTRUCTION OF ADDITIONAL FIRST FLOOR BUILDING ON EXISTING BUILDING IN VISHVESHWARAIAH PARK IN WARD NO.58,BBMP/2016-17/BD/WORK_INDENT23175/CALL-3,bbmp_capital_works,COST-00071,BLD-HQ-01
AUTH-BBMP-EE-GANDHINAGAR,BBMP-EE-GANDHINAGAR,General Civil Works,2025-05-16 15:15:00,130555550.0,"Comprensive Development of Roads with Asphalting, Impts to Drains and Footpath, Shoulder drain, In Gandhinagar Sub Division Ward-77, 94, 95 and 96 In Gandhinagar Division(Package-1)",BBMP/2015-16/OW/WORK_INDENT21046/CALL-2,bbmp_capital_works,COST-00072,BLD-HQ-01
AUTH-BBMP-EE-ELEC-BOMMANAHALLI,BBMP-EE-ELEC-BOMMANAHALLI,General Civil Works,2025-05-16 15:15:00,149946.0,"Providing Electrical maintemance and repairs to BBMP Buildings in Bangalore South constituency 184,185,191,192,194,195,196 & 197.",BBMP/2016-17/HL/WORK_INDENT25282/CALL-2,bbmp_capital_works,COST-00073,BLD-HQ-01
AUTH-BBMP-EE-GANDHINAGAR,BBMP-EE-GANDHINAGAR,General Civil Works,2025-05-16 15:15:00,76699984.0,"Comprensive Development of Roads with Asphalting, Impts to Drains and Footpath, Shoulder drain, In Cottonpet Sub Division Ward-109, 120, and 121 In Gandhinagar Division (Package-2)",BBMP/2015-16/OW/WORK_INDENT21033/CALL-2,bbmp_capital_works,COST-00074,BLD-HQ-01
AUTH-BBMP-EE-BNG-SOUTH,BBMP-EE-BNG SOUTH,Buildings & Civil Works,2025-05-16 15:15:00,2268011.0,Construction of Office at Bikashipura BBMP property in Ward No 197,BBMP/2017-18/BD/WORK_INDENT25647,bbmp_capital_works,COST-00075,BLD-HQ-01
AUTH-BBMP-EE-BNG-SOUTH,BBMP-EE-BNG SOUTH,Water Supply & Sewage,2025-05-16 15:15:00,4904864.0,Drilling of Borewells and errection of Pubmpset in Ward No 192,BBMP/2017-18/WS/WORK_INDENT25638,bbmp_capital_works,COST-00076,BLD-HQ-01
AUTH-BBMP-EE-BNG-SOUTH,BBMP-EE-BNG SOUTH,Roads & Pavements,2025-05-16 15:15:00,4950356.0,Improvements and asphalting to deodite public school in Ward No197 Vasanthapura,BBMP/2017-18/RD/WORK_INDENT25623,bbmp_capital_works,COST-00077,BLD-HQ-01
AUTH-BBMP-EE-CVRAMANNAGAR,BBMP-EE-CVRAMANNAGAR,General Civil Works,2025-05-17 15:15:00,1102088.0,"Construction of Community Toilet Near Gangman Qtrs, in Ward No.80 Hoysalanagara",BBMP/2016-17/BD/WORK_INDENT23119/CALL-3,bbmp_capital_works,COST-00078,BLD-HQ-01
AUTH-BBMP-EE-CVRAMANNAGAR,BBMP-EE-CVRAMANNAGAR,General Civil Works,2025-05-17 15:15:00,1298324.0,Rennovation of ARO office in Ward No.88,BBMP/2016-17/BD/WORK_INDENT23121/CALL-3,bbmp_capital_works,COST-00079,BLD-HQ-01
AUTH-BBMP-EE-ELEC-BOMMANAHALLI,BBMP-EE-ELEC-BOMMANAHALLI,Electrical Infrastructure,2025-05-17 15:15:00,1499617.0,"Providing LED street lights, AB Cable, ACSR wire, Poles, and control Switches, etc., to ward No-175 Bommanahalli",BBMP/2017-18/EL/WORK_INDENT25604,bbmp_capital_works,COST-00080,BLD-HQ-01
AUTH-BBMP-EE-ELEC-BOMMANAHALLI,BBMP-EE-ELEC-BOMMANAHALLI,Electrical Infrastructure,2025-05-17 15:15:00,1499843.0,"Providing LED street lights, AB Cable, ACSR wire, Poles, and control Switches, etc., to ward No-174 HSR LO",BBMP/2017-18/EL/WORK_INDENT25602,bbmp_capital_works,COST-00081,BLD-HQ-01
AUTH-BBMP-EE-ELEC-BOMMANAHALLI,BBMP-EE-ELEC-BOMMANAHALLI,Electrical Infrastructure,2025-05-19 15:15:00,1599958.0,Providing Electrical Maintenance and repair to Kudulu Electrical Crematorium in Bommanahalli Zone,BBMP/2017-18/EL/WORK_INDENT25704,bbmp_capital_works,COST-00082,BLD-HQ-01
AUTH-BBMP-EE-CHAMARAJPETH,BBMP-EE-Chamarajpeth,General Civil Works,2025-05-19 15:15:00,1194900.0,"ANNUAL MAINTENANCE OF BBMP RANGAMANDIRA, BANGALORE ONE, WARD OFFICE AND CORPORATORS OFFICE BUILDING IN JJR NAGAR WARD NO. 136",BBMP/2017-18/OW/WORK_INDENT25506,bbmp_capital_works,COST-00083,BLD-HQ-01
AUTH-BBMP-EE-CHAMARAJPETH,BBMP-EE-Chamarajpeth,General Civil Works,2025-05-19 15:15:00,8161.0,Providing CC camera at Garbage block spots in ward no 136,BBMP/2017-18/OW/WORK_INDENT25687,bbmp_capital_works,COST-00084,BLD-HQ-01
AUTH-BBMP-EE-MALLESHWARAM,BBMP-EE-MALLESHWARAM,General Civil Works,2025-05-20 15:15:00,98469212.0,Improvements & Development of Roads in ward No-64 & 65,BBMP/2017-18/OW/WORK_INDENT25733,bbmp_capital_works,COST-00085,BLD-HQ-01
AUTH-BBMP-EE-MALLESHWARAM,BBMP-EE-MALLESHWARAM,General Civil Works,2025-05-20 15:15:00,91441632.0,Improvements & Development of Roads in ward No-66 &76,BBMP/2017-18/OW/WORK_INDENT25734,bbmp_capital_works,COST-00086,BLD-HQ-01
AUTH-BBMP-EE-HEBBALA-EAST-ZN,BBMP-EE-HEBBALA-EAST-ZN,Water Supply & Sewage,2025-05-21 15:15:00,1299696.0,Providing drinking water works in Ward No.46 in Hebbal Division,BBMP/2017-18/WS/WORK_INDENT25742,bbmp_capital_works,COST-00087,BLD-HQ-01
AUTH-BBMP-EE-HEBBALA-EAST-ZN,BBMP-EE-HEBBALA-EAST-ZN,Water Supply & Sewage,2025-05-21 15:15:00,1259601.0,Drilling of Borewells with pipeline at Pillappa block and Vasanthappa Garden in Ward no 20 Ganganagar,BBMP/2017-18/WS/WORK_INDENT25735,bbmp_capital_works,COST-00088,BLD-HQ-01
AUTH-BBMP-EE-ELEC-MAHADEVAPURA,BBMP-EE-ELEC-MAHADEVAPURA,Electrical Infrastructure,2025-05-21 15:15:00,1499820.0,Providing and fixing of LED Street lights in Ward No. 26 in K.R.Puram Division,BBMP/2017-18/EL/WORK_INDENT25667,bbmp_capital_works,COST-00089,BLD-HQ-01
AUTH-BBMP-EE-PROJECT-WEST,BBMP-EE-PROJECT-WEST,Buildings & Civil Works,2025-05-22 15:15:00,13839332.0,"Construction Of Maternity Hospital In Ward No.74, Shakthi Ganapathinagar",BBMP/2017-18/BD/WORK_INDENT25764,bbmp_capital_works,COST-00090,BLD-HQ-01
AUTH-BBMP-CE-RRNAGAR,BBMP-CE-RRNAGAR,General Civil Works,2025-05-22 15:15:00,499993.0,"House keeping of Electrical Cremetorium by engaging required staff including Periodically cleaning of furnace D.G set cleaning of scrubber,chiminey etc, complete at Peenya in ward No 38 of RR Nagar Zone",BBMP/2017-18/OW/WORK_INDENT25740,bbmp_capital_works,COST-00091,BLD-HQ-01
AUTH-BBMP-EE-ELEC-MAHADEVAPURA,BBMP-EE-ELEC-MAHADEVAPURA,Electrical Infrastructure,2025-05-22 15:15:00,2398640.0,Led pilot Project in Ward No.52 K.R.Puram in Mahadevapura Zone.,BBMP/2017-18/EL/WORK_INDENT25651,bbmp_capital_works,COST-00092,BLD-HQ-01
AUTH-BBMP-EE-PROJECT-WEST,BBMP-EE-PROJECT-WEST,Buildings & Civil Works,2025-05-22 15:15:00,7378171.0,Construction Of Indoor Badminton Court And Other Improvement Works At Sangolli Rayanna Play Ground In Ward No.126.,BBMP/2017-18/BD/WORK_INDENT25765,bbmp_capital_works,COST-00093,BLD-HQ-01
AUTH-BBMP-EE-PROJECT-WEST,BBMP-EE-PROJECT-WEST,Buildings & Civil Works,2025-05-22 15:15:00,19359134.0,"Upgradation of Kamalammana Gundi Playground in Ward No.67, Nagapura (Phase I)",BBMP/2017-18/BD/WORK_INDENT25762,bbmp_capital_works,COST-00094,BLD-HQ-01
AUTH-BBMP-EE-PROJECT-WEST,BBMP-EE-PROJECT-WEST,Buildings & Civil Works,2025-05-22 15:15:00,45595950.0,Construction Of Indoor Sports Complex and Other Development Works in K.G. Ground at Lakshminagara SVK Layout in Ward No.75,BBMP/2017-18/BD/WORK_INDENT25761,bbmp_capital_works,COST-00095,BLD-HQ-01
AUTH-BBMP-EE-PROJECT-WEST,BBMP-EE-PROJECT-WEST,General Civil Works,2025-05-22 15:15:00,17669305.0,Upgradation of Swimming pool n Ward No.68,BBMP/2017-18/OW/WORK_INDENT25767,bbmp_capital_works,COST-00096,BLD-HQ-01
AUTH-BBMP-CE-RRNAGAR,BBMP-CE-RRNAGAR,General Civil Works,2025-05-22 15:15:00,899996.0,"Maintenance of electrical Cremitorium furnance and equipments using necesssery spare parts, tools and skilled man power etc, complete at Peenya in ward No 38 of RR Nagar Zone .",BBMP/2017-18/OW/WORK_INDENT25756,bbmp_capital_works,COST-00097,BLD-HQ-01
INTERNAL-ENERGY,"Energy Operations (Internal, derived)",Energy Operations (derived),2025-07-21 00:00:00,309787.14,"Estimated electricity cost, week of 2025-07-21 — 38764 kWh at time-of-day commercial tariff",,derived_cross_agent,COST-00098,BLD-HQ-01
INTERNAL-ENERGY,"Energy Operations (Internal, derived)",Energy Operations (derived),2025-07-28 00:00:00,1470644.93,"Estimated electricity cost, week of 2025-07-28 — 184655 kWh at time-of-day commercial tariff",,derived_cross_agent,COST-00099,BLD-HQ-01
INTERNAL-ENERGY,"Energy Operations (Internal, derived)",Energy Operations (derived),2025-08-04 00:00:00,1523132.89,"Estimated electricity cost, week of 2025-08-04 — 191217 kWh at time-of-day commercial tariff",,derived_cross_agent,COST-00100,BLD-HQ-01
INTERNAL-ENERGY,"Energy Operations (Internal, derived)",Energy Operations (derived),2025-08-11 00:00:00,1695030.08,"Estimated electricity cost, week of 2025-08-11 — 212709 kWh at time-of-day commercial tariff",,derived_cross_agent,COST-00101,BLD-HQ-01
INTERNAL-ENERGY,"Energy Operations (Internal, derived)",Energy Operations (derived),2025-08-18 00:00:00,1300494.94,"Estimated electricity cost, week of 2025-08-18 — 163342 kWh at time-of-day commercial tariff",,derived_cross_agent,COST-00102,BLD-HQ-01
INTERNAL-ENERGY,"Energy Operations (Internal, derived)",Energy Operations (derived),2025-08-25 00:00:00,1241675.57,"Estimated electricity cost, week of 2025-08-25 — 155970 kWh at time-of-day commercial tariff",,derived_cross_agent,COST-00103,BLD-HQ-01
INTERNAL-ENERGY,"Energy Operations (Internal, derived)",Energy Operations (derived),2025-09-01 00:00:00,1186361.8,"Estimated electricity cost, week of 2025-09-01 — 148981 kWh at time-of-day commercial tariff",,derived_cross_agent,COST-00104,BLD-HQ-01
INTERNAL-ENERGY,"Energy Operations (Internal, derived)",Energy Operations (derived),2025-09-08 00:00:00,1440019.08,"Estimated electricity cost, week of 2025-09-08 — 180778 kWh at time-of-day commercial tariff",,derived_cross_agent,COST-00105,BLD-HQ-01
INTERNAL-ENERGY,"Energy Operations (Internal, derived)",Energy Operations (derived),2025-09-15 00:00:00,1552297.08,"Estimated electricity cost, week of 2025-09-15 — 194573 kWh at time-of-day commercial tariff",,derived_cross_agent,COST-00106,BLD-HQ-01
INTERNAL-ENERGY,"Energy Operations (Internal, derived)",Energy Operations (derived),2025-09-22 00:00:00,1153936.16,"Estimated electricity cost, week of 2025-09-22 — 144991 kWh at time-of-day commercial tariff",,derived_cross_agent,COST-00107,BLD-HQ-01
INTERNAL-ENERGY,"Energy Operations (Internal, derived)",Energy Operations (derived),2025-09-29 00:00:00,1399230.18,"Estimated electricity cost, week of 2025-09-29 — 175698 kWh at time-of-day commercial tariff",,derived_cross_agent,COST-00108,BLD-HQ-01
INTERNAL-ENERGY,"Energy Operations (Internal, derived)",Energy Operations (derived),2025-10-06 00:00:00,1146847.62,"Estimated electricity cost, week of 2025-10-06 — 144146 kWh at time-of-day commercial tariff",,derived_cross_agent,COST-00109,BLD-HQ-01
INTERNAL-ENERGY,"Energy Operations (Internal, derived)",Energy Operations (derived),2025-10-13 00:00:00,1143362.03,"Estimated electricity cost, week of 2025-10-13 — 143636 kWh at time-of-day commercial tariff",,derived_cross_agent,COST-00110,BLD-HQ-01
INTERNAL-ENERGY,"Energy Operations (Internal, derived)",Energy Operations (derived),2025-10-20 00:00:00,1158523.88,"Estimated electricity cost, week of 2025-10-20 — 145534 kWh at time-of-day commercial tariff",,derived_cross_agent,COST-00111,BLD-HQ-01
INTERNAL-ENERGY,"Energy Operations (Internal, derived)",Energy Operations (derived),2025-10-27 00:00:00,1188083.34,"Estimated electricity cost, week of 2025-10-27 — 149298 kWh at time-of-day commercial tariff",,derived_cross_agent,COST-00112,BLD-HQ-01
INTERNAL-ENERGY,"Energy Operations (Internal, derived)",Energy Operations (derived),2025-11-03 00:00:00,1343039.9,"Estimated electricity cost, week of 2025-11-03 — 168588 kWh at time-of-day commercial tariff",,derived_cross_agent,COST-00113,BLD-HQ-01
INTERNAL-ENERGY,"Energy Operations (Internal, derived)",Energy Operations (derived),2025-11-10 00:00:00,1290459.95,"Estimated electricity cost, week of 2025-11-10 — 161940 kWh at time-of-day commercial tariff",,derived_cross_agent,COST-00114,BLD-HQ-01
INTERNAL-ENERGY,"Energy Operations (Internal, derived)",Energy Operations (derived),2025-11-17 00:00:00,1253638.95,"Estimated electricity cost, week of 2025-11-17 — 157331 kWh at time-of-day commercial tariff",,derived_cross_agent,COST-00115,BLD-HQ-01
INTERNAL-ENERGY,"Energy Operations (Internal, derived)",Energy Operations (derived),2025-11-24 00:00:00,1320141.64,"Estimated electricity cost, week of 2025-11-24 — 165770 kWh at time-of-day commercial tariff",,derived_cross_agent,COST-00116,BLD-HQ-01
INTERNAL-ENERGY,"Energy Operations (Internal, derived)",Energy Operations (derived),2025-12-01 00:00:00,1510774.48,"Estimated electricity cost, week of 2025-12-01 — 189527 kWh at time-of-day commercial tariff",,derived_cross_agent,COST-00117,BLD-HQ-01
INTERNAL-ENERGY,"Energy Operations (Internal, derived)",Energy Operations (derived),2025-12-08 00:00:00,1492110.68,"Estimated electricity cost, week of 2025-12-08 — 187357 kWh at time-of-day commercial tariff",,derived_cross_agent,COST-00118,BLD-HQ-01
INTERNAL-ENERGY,"Energy Operations (Internal, derived)",Energy Operations (derived),2025-12-15 00:00:00,1450389.64,"Estimated electricity cost, week of 2025-12-15 — 181923 kWh at time-of-day commercial tariff",,derived_cross_agent,COST-00119,BLD-HQ-01
INTERNAL-ENERGY,"Energy Operations (Internal, derived)",Energy Operations (derived),2025-12-22 00:00:00,1829814.76,"Estimated electricity cost, week of 2025-12-22 — 229345 kWh at time-of-day commercial tariff",,derived_cross_agent,COST-00120,BLD-HQ-01
INTERNAL-ENERGY,"Energy Operations (Internal, derived)",Energy Operations (derived),2025-12-29 00:00:00,1838976.36,"Estimated electricity cost, week of 2025-12-29 — 230725 kWh at time-of-day commercial tariff",,derived_cross_agent,COST-00121,BLD-HQ-01
INTERNAL-ENERGY,"Energy Operations (Internal, derived)",Energy Operations (derived),2026-01-05 00:00:00,1582005.98,"Estimated electricity cost, week of 2026-01-05 — 198603 kWh at time-of-day commercial tariff",,derived_cross_agent,COST-00122,BLD-HQ-01
INTERNAL-ENERGY,"Energy Operations (Internal, derived)",Energy Operations (derived),2026-01-12 00:00:00,1429282.92,"Estimated electricity cost, week of 2026-01-12 — 179679 kWh at time-of-day commercial tariff",,derived_cross_agent,COST-00123,BLD-HQ-01
INTERNAL-ENERGY,"Energy Operations (Internal, derived)",Energy Operations (derived),2026-01-19 00:00:00,1476645.7,"Estimated electricity cost, week of 2026-01-19 — 185465 kWh at time-of-day commercial tariff",,derived_cross_agent,COST-00124,BLD-HQ-01
INTERNAL-ENERGY,"Energy Operations (Internal, derived)",Energy Operations (derived),2026-01-26 00:00:00,1576806.74,"Estimated electricity cost, week of 2026-01-26 — 198053 kWh at time-of-day commercial tariff",,derived_cross_agent,COST-00125,BLD-HQ-01
INTERNAL-ENERGY,"Energy Operations (Internal, derived)",Energy Operations (derived),2026-02-02 00:00:00,1417983.32,"Estimated electricity cost, week of 2026-02-02 — 178301 kWh at time-of-day commercial tariff",,derived_cross_agent,COST-00126,BLD-HQ-01
INTERNAL-ENERGY,"Energy Operations (Internal, derived)",Energy Operations (derived),2026-02-09 00:00:00,1286461.88,"Estimated electricity cost, week of 2026-02-09 — 161657 kWh at time-of-day commercial tariff",,derived_cross_agent,COST-00127,BLD-HQ-01
INTERNAL-ENERGY,"Energy Operations (Internal, derived)",Energy Operations (derived),2026-02-16 00:00:00,1286726.71,"Estimated electricity cost, week of 2026-02-16 — 161773 kWh at time-of-day commercial tariff",,derived_cross_agent,COST-00128,BLD-HQ-01
INTERNAL-ENERGY,"Energy Operations (Internal, derived)",Energy Operations (derived),2026-02-23 00:00:00,1355953.21,"Estimated electricity cost, week of 2026-02-23 — 170369 kWh at time-of-day commercial tariff",,derived_cross_agent,COST-00129,BLD-HQ-01
INTERNAL-ENERGY,"Energy Operations (Internal, derived)",Energy Operations (derived),2026-03-02 00:00:00,1429613.57,"Estimated electricity cost, week of 2026-03-02 — 179386 kWh at time-of-day commercial tariff",,derived_cross_agent,COST-00130,BLD-HQ-01
INTERNAL-ENERGY,"Energy Operations (Internal, derived)",Energy Operations (derived),2026-03-09 00:00:00,1403060.4,"Estimated electricity cost, week of 2026-03-09 — 176183 kWh at time-of-day commercial tariff",,derived_cross_agent,COST-00131,BLD-HQ-01
INTERNAL-ENERGY,"Energy Operations (Internal, derived)",Energy Operations (derived),2026-03-16 00:00:00,1336645.4,"Estimated electricity cost, week of 2026-03-16 — 167886 kWh at time-of-day commercial tariff",,derived_cross_agent,COST-00132,BLD-HQ-01
INTERNAL-ENERGY,"Energy Operations (Internal, derived)",Energy Operations (derived),2026-03-23 00:00:00,1215391.44,"Estimated electricity cost, week of 2026-03-23 — 152846 kWh at time-of-day commercial tariff",,derived_cross_agent,COST-00133,BLD-HQ-01
INTERNAL-ENERGY,"Energy Operations (Internal, derived)",Energy Operations (derived),2026-03-30 00:00:00,1281946.53,"Estimated electricity cost, week of 2026-03-30 — 161032 kWh at time-of-day commercial tariff",,derived_cross_agent,COST-00134,BLD-HQ-01
INTERNAL-ENERGY,"Energy Operations (Internal, derived)",Energy Operations (derived),2026-04-06 00:00:00,1204410.8,"Estimated electricity cost, week of 2026-04-06 — 151265 kWh at time-of-day commercial tariff",,derived_cross_agent,COST-00135,BLD-HQ-01
INTERNAL-ENERGY,"Energy Operations (Internal, derived)",Energy Operations (derived),2026-04-13 00:00:00,1161697.0,"Estimated electricity cost, week of 2026-04-13 — 145883 kWh at time-of-day commercial tariff",,derived_cross_agent,COST-00136,BLD-HQ-01
INTERNAL-ENERGY,"Energy Operations (Internal, derived)",Energy Operations (derived),2026-04-20 00:00:00,1135234.88,"Estimated electricity cost, week of 2026-04-20 — 142547 kWh at time-of-day commercial tariff",,derived_cross_agent,COST-00137,BLD-HQ-01
INTERNAL-ENERGY,"Energy Operations (Internal, derived)",Energy Operations (derived),2026-04-27 00:00:00,1234888.86,"Estimated electricity cost, week of 2026-04-27 — 154938 kWh at time-of-day commercial tariff",,derived_cross_agent,COST-00138,BLD-HQ-01
INTERNAL-ENERGY,"Energy Operations (Internal, derived)",Energy Operations (derived),2026-05-04 00:00:00,1218145.21,"Estimated electricity cost, week of 2026-05-04 — 152974 kWh at time-of-day commercial tariff",,derived_cross_agent,COST-00139,BLD-HQ-01
INTERNAL-ENERGY,"Energy Operations (Internal, derived)",Energy Operations (derived),2026-05-11 00:00:00,1231211.66,"Estimated electricity cost, week of 2026-05-11 — 154753 kWh at time-of-day commercial tariff",,derived_cross_agent,COST-00140,BLD-HQ-01
INTERNAL-ENERGY,"Energy Operations (Internal, derived)",Energy Operations (derived),2026-05-18 00:00:00,1384526.36,"Estimated electricity cost, week of 2026-05-18 — 173698 kWh at time-of-day commercial tariff",,derived_cross_agent,COST-00141,BLD-HQ-01
INTERNAL-ENERGY,"Energy Operations (Internal, derived)",Energy Operations (derived),2026-05-25 00:00:00,1321422.63,"Estimated electricity cost, week of 2026-05-25 — 165954 kWh at time-of-day commercial tariff",,derived_cross_agent,COST-00142,BLD-HQ-01
INTERNAL-ENERGY,"Energy Operations (Internal, derived)",Energy Operations (derived),2026-06-01 00:00:00,1303817.31,"Estimated electricity cost, week of 2026-06-01 — 163707 kWh at time-of-day commercial tariff",,derived_cross_agent,COST-00143,BLD-HQ-01
INTERNAL-ENERGY,"Energy Operations (Internal, derived)",Energy Operations (derived),2026-06-08 00:00:00,1577275.44,"Estimated electricity cost, week of 2026-06-08 — 197867 kWh at time-of-day commercial tariff",,derived_cross_agent,COST-00144,BLD-HQ-01
INTERNAL-ENERGY,"Energy Operations (Internal, derived)",Energy Operations (derived),2026-06-15 00:00:00,1426607.3,"Estimated electricity cost, week of 2026-06-15 — 179147 kWh at time-of-day commercial tariff",,derived_cross_agent,COST-00145,BLD-HQ-01
INTERNAL-ENERGY,"Energy Operations (Internal, derived)",Energy Operations (derived),2026-06-22 00:00:00,1890383.64,"Estimated electricity cost, week of 2026-06-22 — 237412 kWh at time-of-day commercial tariff",,derived_cross_agent,COST-00146,BLD-HQ-01
INTERNAL-ENERGY,"Energy Operations (Internal, derived)",Energy Operations (derived),2026-06-29 00:00:00,1631295.71,"Estimated electricity cost, week of 2026-06-29 — 204554 kWh at time-of-day commercial tariff",,derived_cross_agent,COST-00147,BLD-HQ-01
INTERNAL-SECURITY,"Security Operations (Internal, derived)",Security Operations (derived),2026-06-29 00:00:00,2400.0,"Estimated incident-response cost, week of 2026-06-29 — 3 flagged 'after_hours_access' events",,derived_cross_agent,COST-00148,BLD-HQ-01
INTERNAL-SECURITY,"Security Operations (Internal, derived)",Security Operations (derived),2026-06-29 00:00:00,16800.0,"Estimated incident-response cost, week of 2026-06-29 — 21 flagged 'repeated_denial' events",,derived_cross_agent,COST-00149,BLD-HQ-01
INTERNAL-SECURITY,"Security Operations (Internal, derived)",Security Operations (derived),2026-06-29 00:00:00,336000.0,"Estimated incident-response cost, week of 2026-06-29 — 70 flagged 'unauthorized_restricted_zone_access' events",,derived_cross_agent,COST-00150,BLD-HQ-01
INTERNAL-SECURITY,"Security Operations (Internal, derived)",Security Operations (derived),2026-07-06 00:00:00,47200.0,"Estimated incident-response cost, week of 2026-07-06 — 53 flagged 'repeated_denial' events",,derived_cross_agent,COST-00151,BLD-HQ-01
INTERNAL-SECURITY,"Security Operations (Internal, derived)",Security Operations (derived),2026-07-06 00:00:00,739200.0,"Estimated incident-response cost, week of 2026-07-06 — 154 flagged 'unauthorized_restricted_zone_access' events",,derived_cross_agent,COST-00152,BLD-HQ-01
INTERNAL-SECURITY,"Security Operations (Internal, derived)",Security Operations (derived),2026-07-06 00:00:00,800.0,"Estimated incident-response cost, week of 2026-07-06 — 1 flagged 'after_hours_access' events",,derived_cross_agent,COST-00153,BLD-HQ-01
INTERNAL-ENERGY,"Energy Operations (Internal, derived)",Energy Operations (derived),2026-07-06 00:00:00,1699494.82,"Estimated electricity cost, week of 2026-07-06 — 213397 kWh at time-of-day commercial tariff",,derived_cross_agent,COST-00154,BLD-HQ-01
INTERNAL-SECURITY,"Security Operations (Internal, derived)",Security Operations (derived),2026-07-13 00:00:00,696000.0,"Estimated incident-response cost, week of 2026-07-13 — 145 flagged 'unauthorized_restricted_zone_access' events",,derived_cross_agent,COST-00155,BLD-HQ-01
INTERNAL-SECURITY,"Security Operations (Internal, derived)",Security Operations (derived),2026-07-13 00:00:00,73200.0,"Estimated incident-response cost, week of 2026-07-13 — 60 flagged 'repeated_denial' events",,derived_cross_agent,COST-00156,BLD-HQ-01
INTERNAL-SECURITY,"Security Operations (Internal, derived)",Security Operations (derived),2026-07-13 00:00:00,8800.0,"Estimated incident-response cost, week of 2026-07-13 — 8 flagged 'after_hours_access' events",,derived_cross_agent,COST-00157,BLD-HQ-01
INTERNAL-ENERGY,"Energy Operations (Internal, derived)",Energy Operations (derived),2026-07-13 00:00:00,1581511.92,"Estimated electricity cost, week of 2026-07-13 — 198517 kWh at time-of-day commercial tariff",,derived_cross_agent,COST-00158,BLD-HQ-01
INTERNAL-SECURITY,"Security Operations (Internal, derived)",Security Operations (derived),2026-07-20 00:00:00,691200.0,"Estimated incident-response cost, week of 2026-07-20 — 144 flagged 'unauthorized_restricted_zone_access' events",,derived_cross_agent,COST-00159,BLD-HQ-01
INTERNAL-OCCUPANCY,"Occupancy Operations (Internal, derived)",Occupancy Operations (derived),2026-07-20 00:00:00,56367.0,"Estimated FM services cost for Open Office - Floor 1, week of 2026-07-20 — 3132 occupant-hours at ₹18/hr",,derived_cross_agent,COST-00160,BLD-HQ-01
INTERNAL-OCCUPANCY,"Occupancy Operations (Internal, derived)",Occupancy Operations (derived),2026-07-20 00:00:00,56943.0,"Estimated FM services cost for Open Office - Floor 2, week of 2026-07-20 — 3164 occupant-hours at ₹18/hr",,derived_cross_agent,COST-00161,BLD-HQ-01
INTERNAL-OCCUPANCY,"Occupancy Operations (Internal, derived)",Occupancy Operations (derived),2026-07-20 00:00:00,9850.5,"Estimated FM services cost for Meeting Room A, week of 2026-07-20 — 547 occupant-hours at ₹18/hr",,derived_cross_agent,COST-00162,BLD-HQ-01
INTERNAL-OCCUPANCY,"Occupancy Operations (Internal, derived)",Occupancy Operations (derived),2026-07-20 00:00:00,47407.5,"Estimated FM services cost for Cafeteria, week of 2026-07-20 — 2634 occupant-hours at ₹18/hr",,derived_cross_agent,COST-00163,BLD-HQ-01
INTERNAL-OCCUPANCY,"Occupancy Operations (Internal, derived)",Occupancy Operations (derived),2026-07-20 00:00:00,23674.5,"Estimated FM services cost for Lobby, week of 2026-07-20 — 1315 occupant-hours at ₹18/hr",,derived_cross_agent,COST-00164,BLD-HQ-01
INTERNAL-OCCUPANCY,"Occupancy Operations (Internal, derived)",Occupancy Operations (derived),2026-07-20 00:00:00,3406.5,"Estimated FM services cost for Server Room, week of 2026-07-20 — 189 occupant-hours at ₹18/hr",,derived_cross_agent,COST-00165,BLD-HQ-01
INTERNAL-OCCUPANCY,"Occupancy Operations (Internal, derived)",Occupancy Operations (derived),2026-07-20 00:00:00,10359.0,"Estimated FM services cost for Executive Wing, week of 2026-07-20 — 576 occupant-hours at ₹18/hr",,derived_cross_agent,COST-00166,BLD-HQ-01
INTERNAL-OCCUPANCY,"Occupancy Operations (Internal, derived)",Occupancy Operations (derived),2026-07-20 00:00:00,6426.0,"Estimated FM services cost for Meeting Room B, week of 2026-07-20 — 357 occupant-hours at ₹18/hr",,derived_cross_agent,COST-00167,BLD-HQ-01
INTERNAL-ENERGY,"Energy Operations (Internal, derived)",Energy Operations (derived),2026-07-20 00:00:00,1553435.06,"Estimated electricity cost, week of 2026-07-20 — 195294 kWh at time-of-day commercial tariff",,derived_cross_agent,COST-00168,BLD-HQ-01
INTERNAL-SECURITY,"Security Operations (Internal, derived)",Security Operations (derived),2026-07-20 00:00:00,36000.0,"Estimated incident-response cost, week of 2026-07-20 — 33 flagged 'repeated_denial' events",,derived_cross_agent,COST-00169,BLD-HQ-01
INTERNAL-SECURITY,"Security Operations (Internal, derived)",Security Operations (derived),2026-07-20 00:00:00,6400.0,"Estimated incident-response cost, week of 2026-07-20 — 5 flagged 'after_hours_access' events",,derived_cross_agent,COST-00170,BLD-HQ-01
INTERNAL-OCCUPANCY,"Occupancy Operations (Internal, derived)",Occupancy Operations (derived),2026-07-27 00:00:00,3789.0,"Estimated FM services cost for Server Room, week of 2026-07-27 — 210 occupant-hours at ₹18/hr",,derived_cross_agent,COST-00171,BLD-HQ-01
INTERNAL-SECURITY,"Security Operations (Internal, derived)",Security Operations (derived),2026-07-27 00:00:00,7600.0,"Estimated incident-response cost, week of 2026-07-27 — 8 flagged 'after_hours_access' events",,derived_cross_agent,COST-00172,BLD-HQ-01
INTERNAL-OCCUPANCY,"Occupancy Operations (Internal, derived)",Occupancy Operations (derived),2026-07-27 00:00:00,11623.5,"Estimated FM services cost for Executive Wing, week of 2026-07-27 — 646 occupant-hours at ₹18/hr",,derived_cross_agent,COST-00173,BLD-HQ-01
INTERNAL-OCCUPANCY,"Occupancy Operations (Internal, derived)",Occupancy Operations (derived),2026-07-27 00:00:00,62001.0,"Estimated FM services cost for Open Office - Floor 1, week of 2026-07-27 — 3444 occupant-hours at ₹18/hr",,derived_cross_agent,COST-00174,BLD-HQ-01
INTERNAL-SECURITY,"Security Operations (Internal, derived)",Security Operations (derived),2026-07-27 00:00:00,58000.0,"Estimated incident-response cost, week of 2026-07-27 — 47 flagged 'repeated_denial' events",,derived_cross_agent,COST-00175,BLD-HQ-01
INTERNAL-OCCUPANCY,"Occupancy Operations (Internal, derived)",Occupancy Operations (derived),2026-07-27 00:00:00,62361.0,"Estimated FM services cost for Open Office - Floor 2, week of 2026-07-27 — 3464 occupant-hours at ₹18/hr",,derived_cross_agent,COST-00176,BLD-HQ-01
INTERNAL-OCCUPANCY,"Occupancy Operations (Internal, derived)",Occupancy Operations (derived),2026-07-27 00:00:00,6966.0,"Estimated FM services cost for Meeting Room B, week of 2026-07-27 — 387 occupant-hours at ₹18/hr",,derived_cross_agent,COST-00177,BLD-HQ-01
INTERNAL-SECURITY,"Security Operations (Internal, derived)",Security Operations (derived),2026-07-27 00:00:00,763200.0,"Estimated incident-response cost, week of 2026-07-27 — 159 flagged 'unauthorized_restricted_zone_access' events",,derived_cross_agent,COST-00178,BLD-HQ-01
INTERNAL-OCCUPANCY,"Occupancy Operations (Internal, derived)",Occupancy Operations (derived),2026-07-27 00:00:00,51660.0,"Estimated FM services cost for Cafeteria, week of 2026-07-27 — 2870 occupant-hours at ₹18/hr",,derived_cross_agent,COST-00179,BLD-HQ-01
INTERNAL-OCCUPANCY,"Occupancy Operations (Internal, derived)",Occupancy Operations (derived),2026-07-27 00:00:00,25834.5,"Estimated FM services cost for Lobby, week of 2026-07-27 — 1435 occupant-hours at ₹18/hr",,derived_cross_agent,COST-00180,BLD-HQ-01
INTERNAL-OCCUPANCY,"Occupancy Operations (Internal, derived)",Occupancy Operations (derived),2026-07-27 00:00:00,10867.5,"Estimated FM services cost for Meeting Room A, week of 2026-07-27 — 604 occupant-hours at ₹18/hr",,derived_cross_agent,COST-00181,BLD-HQ-01
INTERNAL-MAINTENANCE,"Maintenance Operations (Internal, derived)",Maintenance Operations (derived),2026-07-28 06:00:00,95590.98,"Estimated repair cost for HVAC-081 (HVAC Chiller) — wear-severity 2.12x base rate ₹45,000",,derived_cross_agent,COST-00182,BLD-HQ-01
INTERNAL-MAINTENANCE,"Maintenance Operations (Internal, derived)",Maintenance Operations (derived),2026-07-28 06:00:00,57617.1,"Estimated repair cost for Cooling-077 (Cooling Tower) — wear-severity 1.86x base rate ₹31,000",,derived_cross_agent,COST-00183,BLD-HQ-01
INTERNAL-MAINTENANCE,"Maintenance Operations (Internal, derived)",Maintenance Operations (derived),2026-07-28 06:00:00,63202.26,"Estimated repair cost for Air-082 (Air Handling Unit) — wear-severity 2.26x base rate ₹28,000",,derived_cross_agent,COST-00184,BLD-HQ-01
INTERNAL-MAINTENANCE,"Maintenance Operations (Internal, derived)",Maintenance Operations (derived),2026-07-28 06:00:00,36914.93,"Estimated repair cost for Backup-080 (Backup Generator) — wear-severity 1.85x base rate ₹20,000",,derived_cross_agent,COST-00185,BLD-HQ-01
INTERNAL-MAINTENANCE,"Maintenance Operations (Internal, derived)",Maintenance Operations (derived),2026-07-28 06:00:00,43460.63,"Estimated repair cost for Elevator-079 (Elevator Motor) — wear-severity 2.17x base rate ₹20,000",,derived_cross_agent,COST-00186,BLD-HQ-01
INTERNAL-MAINTENANCE,"Maintenance Operations (Internal, derived)",Maintenance Operations (derived),2026-07-28 06:00:00,64721.63,"Estimated repair cost for Boiler-078 (Boiler) — wear-severity 1.24x base rate ₹52,000",,derived_cross_agent,COST-00187,BLD-HQ-01
INTERNAL-MAINTENANCE,"Maintenance Operations (Internal, derived)",Maintenance Operations (derived),2026-07-28 06:00:00,46087.58,"Estimated repair cost for Air-076 (Air Compressor) — wear-severity 2.30x base rate ₹20,000",,derived_cross_agent,COST-00188,BLD-HQ-01
INTERNAL-MAINTENANCE,"Maintenance Operations (Internal, derived)",Maintenance Operations (derived),2026-07-28 06:00:00,78665.43,"Estimated repair cost for Boiler-070 (Boiler) — wear-severity 1.51x base rate ₹52,000",,derived_cross_agent,COST-00189,BLD-HQ-01
INTERNAL-MAINTENANCE,"Maintenance Operations (Internal, derived)",Maintenance Operations (derived),2026-07-28 06:00:00,35908.01,"Estimated repair cost for Air-074 (Air Handling Unit) — wear-severity 1.28x base rate ₹28,000",,derived_cross_agent,COST-00190,BLD-HQ-01
INTERNAL-MAINTENANCE,"Maintenance Operations (Internal, derived)",Maintenance Operations (derived),2026-07-28 06:00:00,61154.99,"Estimated repair cost for HVAC-073 (HVAC Chiller) — wear-severity 1.36x base rate ₹45,000",,derived_cross_agent,COST-00191,BLD-HQ-01
INTERNAL-MAINTENANCE,"Maintenance Operations (Internal, derived)",Maintenance Operations (derived),2026-07-28 06:00:00,38350.89,"Estimated repair cost for Backup-072 (Backup Generator) — wear-severity 1.92x base rate ₹20,000",,derived_cross_agent,COST-00192,BLD-HQ-01
INTERNAL-MAINTENANCE,"Maintenance Operations (Internal, derived)",Maintenance Operations (derived),2026-07-28 06:00:00,30465.35,"Estimated repair cost for Elevator-071 (Elevator Motor) — wear-severity 1.52x base rate ₹20,000",,derived_cross_agent,COST-00193,BLD-HQ-01
INTERNAL-MAINTENANCE,"Maintenance Operations (Internal, derived)",Maintenance Operations (derived),2026-07-28 06:00:00,30545.13,"Estimated repair cost for Water-083 (Water Pump) — wear-severity 1.53x base rate ₹20,000",,derived_cross_agent,COST-00194,BLD-HQ-01
INTERNAL-MAINTENANCE,"Maintenance Operations (Internal, derived)",Maintenance Operations (derived),2026-07-28 06:00:00,38571.99,"Estimated repair cost for Cooling-069 (Cooling Tower) — wear-severity 1.24x base rate ₹31,000",,derived_cross_agent,COST-00195,BLD-HQ-01
INTERNAL-MAINTENANCE,"Maintenance Operations (Internal, derived)",Maintenance Operations (derived),2026-07-28 06:00:00,25976.68,"Estimated repair cost for Water-075 (Water Pump) — wear-severity 1.30x base rate ₹20,000",,derived_cross_agent,COST-00196,BLD-HQ-01
INTERNAL-MAINTENANCE,"Maintenance Operations (Internal, derived)",Maintenance Operations (derived),2026-07-28 06:00:00,33489.3,"Estimated repair cost for Air-084 (Air Compressor) — wear-severity 1.67x base rate ₹20,000",,derived_cross_agent,COST-00197,BLD-HQ-01
INTERNAL-MAINTENANCE,"Maintenance Operations (Internal, derived)",Maintenance Operations (derived),2026-07-28 06:00:00,41285.82,"Estimated repair cost for Air-098 (Air Handling Unit) — wear-severity 1.47x base rate ₹28,000",,derived_cross_agent,COST-00198,BLD-HQ-01
INTERNAL-MAINTENANCE,"Maintenance Operations (Internal, derived)",Maintenance Operations (derived),2026-07-28 06:00:00,76894.22,"Estimated repair cost for Boiler-086 (Boiler) — wear-severity 1.48x base rate ₹52,000",,derived_cross_agent,COST-00199,BLD-HQ-01
INTERNAL-MAINTENANCE,"Maintenance Operations (Internal, derived)",Maintenance Operations (derived),2026-07-28 06:00:00,40314.32,"Estimated repair cost for Air-068 (Air Compressor) — wear-severity 2.02x base rate ₹20,000",,derived_cross_agent,COST-00200,BLD-HQ-01
INTERNAL-MAINTENANCE,"Maintenance Operations (Internal, derived)",Maintenance Operations (derived),2026-07-28 06:00:00,47041.38,"Estimated repair cost for Air-100 (Air Compressor) — wear-severity 2.35x base rate ₹20,000",,derived_cross_agent,COST-00201,BLD-HQ-01
INTERNAL-MAINTENANCE,"Maintenance Operations (Internal, derived)",Maintenance Operations (derived),2026-07-28 06:00:00,24666.41,"Estimated repair cost for Water-099 (Water Pump) — wear-severity 1.23x base rate ₹20,000",,derived_cross_agent,COST-00202,BLD-HQ-01
INTERNAL-MAINTENANCE,"Maintenance Operations (Internal, derived)",Maintenance Operations (derived),2026-07-28 06:00:00,73220.87,"Estimated repair cost for HVAC-097 (HVAC Chiller) — wear-severity 1.63x base rate ₹45,000",,derived_cross_agent,COST-00203,BLD-HQ-01
INTERNAL-MAINTENANCE,"Maintenance Operations (Internal, derived)",Maintenance Operations (derived),2026-07-28 06:00:00,26201.63,"Estimated repair cost for Backup-096 (Backup Generator) — wear-severity 1.31x base rate ₹20,000",,derived_cross_agent,COST-00204,BLD-HQ-01
INTERNAL-MAINTENANCE,"Maintenance Operations (Internal, derived)",Maintenance Operations (derived),2026-07-28 06:00:00,28182.56,"Estimated repair cost for Elevator-095 (Elevator Motor) — wear-severity 1.41x base rate ₹20,000",,derived_cross_agent,COST-00205,BLD-HQ-01
INTERNAL-MAINTENANCE,"Maintenance Operations (Internal, derived)",Maintenance Operations (derived),2026-07-28 06:00:00,53356.81,"Estimated repair cost for Cooling-085 (Cooling Tower) — wear-severity 1.72x base rate ₹31,000",,derived_cross_agent,COST-00206,BLD-HQ-01
INTERNAL-MAINTENANCE,"Maintenance Operations (Internal, derived)",Maintenance Operations (derived),2026-07-28 06:00:00,128585.13,"Estimated repair cost for Boiler-094 (Boiler) — wear-severity 2.47x base rate ₹52,000",,derived_cross_agent,COST-00207,BLD-HQ-01
INTERNAL-MAINTENANCE,"Maintenance Operations (Internal, derived)",Maintenance Operations (derived),2026-07-28 06:00:00,35582.57,"Estimated repair cost for Air-092 (Air Compressor) — wear-severity 1.78x base rate ₹20,000",,derived_cross_agent,COST-00208,BLD-HQ-01
INTERNAL-MAINTENANCE,"Maintenance Operations (Internal, derived)",Maintenance Operations (derived),2026-07-28 06:00:00,42246.74,"Estimated repair cost for Water-091 (Water Pump) — wear-severity 2.11x base rate ₹20,000",,derived_cross_agent,COST-00209,BLD-HQ-01
INTERNAL-MAINTENANCE,"Maintenance Operations (Internal, derived)",Maintenance Operations (derived),2026-07-28 06:00:00,57550.79,"Estimated repair cost for Air-090 (Air Handling Unit) — wear-severity 2.06x base rate ₹28,000",,derived_cross_agent,COST-00210,BLD-HQ-01
INTERNAL-MAINTENANCE,"Maintenance Operations (Internal, derived)",Maintenance Operations (derived),2026-07-28 06:00:00,70400.41,"Estimated repair cost for HVAC-089 (HVAC Chiller) — wear-severity 1.56x base rate ₹45,000",,derived_cross_agent,COST-00211,BLD-HQ-01
INTERNAL-MAINTENANCE,"Maintenance Operations (Internal, derived)",Maintenance Operations (derived),2026-07-28 06:00:00,34725.53,"Estimated repair cost for Backup-088 (Backup Generator) — wear-severity 1.74x base rate ₹20,000",,derived_cross_agent,COST-00212,BLD-HQ-01
INTERNAL-MAINTENANCE,"Maintenance Operations (Internal, derived)",Maintenance Operations (derived),2026-07-28 06:00:00,32932.02,"Estimated repair cost for Elevator-087 (Elevator Motor) — wear-severity 1.65x base rate ₹20,000",,derived_cross_agent,COST-00213,BLD-HQ-01
INTERNAL-MAINTENANCE,"Maintenance Operations (Internal, derived)",Maintenance Operations (derived),2026-07-28 06:00:00,46985.7,"Estimated repair cost for Cooling-093 (Cooling Tower) — wear-severity 1.52x base rate ₹31,000",,derived_cross_agent,COST-00214,BLD-HQ-01
INTERNAL-MAINTENANCE,"Maintenance Operations (Internal, derived)",Maintenance Operations (derived),2026-07-28 06:00:00,34331.66,"Estimated repair cost for Water-067 (Water Pump) — wear-severity 1.72x base rate ₹20,000",,derived_cross_agent,COST-00215,BLD-HQ-01
INTERNAL-MAINTENANCE,"Maintenance Operations (Internal, derived)",Maintenance Operations (derived),2026-07-28 06:00:00,34535.97,"Estimated repair cost for Cooling-005 (Cooling Tower) — wear-severity 1.11x base rate ₹31,000",,derived_cross_agent,COST-00216,BLD-HQ-01
INTERNAL-MAINTENANCE,"Maintenance Operations (Internal, derived)",Maintenance Operations (derived),2026-07-28 06:00:00,67581.88,"Estimated repair cost for HVAC-065 (HVAC Chiller) — wear-severity 1.50x base rate ₹45,000",,derived_cross_agent,COST-00217,BLD-HQ-01
INTERNAL-MAINTENANCE,"Maintenance Operations (Internal, derived)",Maintenance Operations (derived),2026-07-28 06:00:00,90143.52,"Estimated repair cost for Boiler-030 (Boiler) — wear-severity 1.73x base rate ₹52,000",,derived_cross_agent,COST-00218,BLD-HQ-01
INTERNAL-MAINTENANCE,"Maintenance Operations (Internal, derived)",Maintenance Operations (derived),2026-07-28 06:00:00,36564.91,"Estimated repair cost for Cooling-029 (Cooling Tower) — wear-severity 1.18x base rate ₹31,000",,derived_cross_agent,COST-00219,BLD-HQ-01
INTERNAL-MAINTENANCE,"Maintenance Operations (Internal, derived)",Maintenance Operations (derived),2026-07-28 06:00:00,31776.6,"Estimated repair cost for Air-028 (Air Compressor) — wear-severity 1.59x base rate ₹20,000",,derived_cross_agent,COST-00220,BLD-HQ-01
INTERNAL-MAINTENANCE,"Maintenance Operations (Internal, derived)",Maintenance Operations (derived),2026-07-28 06:00:00,33683.86,"Estimated repair cost for Water-027 (Water Pump) — wear-severity 1.68x base rate ₹20,000",,derived_cross_agent,COST-00221,BLD-HQ-01
INTERNAL-MAINTENANCE,"Maintenance Operations (Internal, derived)",Maintenance Operations (derived),2026-07-28 06:00:00,44264.74,"Estimated repair cost for Air-026 (Air Handling Unit) — wear-severity 1.58x base rate ₹28,000",,derived_cross_agent,COST-00222,BLD-HQ-01
INTERNAL-MAINTENANCE,"Maintenance Operations (Internal, derived)",Maintenance Operations (derived),2026-07-28 06:00:00,54731.9,"Estimated repair cost for Air-066 (Air Handling Unit) — wear-severity 1.95x base rate ₹28,000",,derived_cross_agent,COST-00223,BLD-HQ-01
INTERNAL-MAINTENANCE,"Maintenance Operations (Internal, derived)",Maintenance Operations (derived),2026-07-28 06:00:00,42473.83,"Estimated repair cost for Backup-024 (Backup Generator) — wear-severity 2.12x base rate ₹20,000",,derived_cross_agent,COST-00224,BLD-HQ-01
INTERNAL-MAINTENANCE,"Maintenance Operations (Internal, derived)",Maintenance Operations (derived),2026-07-28 06:00:00,27408.38,"Estimated repair cost for Elevator-023 (Elevator Motor) — wear-severity 1.37x base rate ₹20,000",,derived_cross_agent,COST-00225,BLD-HQ-01
INTERNAL-MAINTENANCE,"Maintenance Operations (Internal, derived)",Maintenance Operations (derived),2026-07-28 06:00:00,75370.43,"Estimated repair cost for Boiler-022 (Boiler) — wear-severity 1.45x base rate ₹52,000",,derived_cross_agent,COST-00226,BLD-HQ-01
INTERNAL-MAINTENANCE,"Maintenance Operations (Internal, derived)",Maintenance Operations (derived),2026-07-28 06:00:00,55556.69,"Estimated repair cost for Cooling-021 (Cooling Tower) — wear-severity 1.79x base rate ₹31,000",,derived_cross_agent,COST-00227,BLD-HQ-01
INTERNAL-MAINTENANCE,"Maintenance Operations (Internal, derived)",Maintenance Operations (derived),2026-07-28 06:00:00,41944.16,"Estimated repair cost for Air-020 (Air Compressor) — wear-severity 2.10x base rate ₹20,000",,derived_cross_agent,COST-00228,BLD-HQ-01
INTERNAL-MAINTENANCE,"Maintenance Operations (Internal, derived)",Maintenance Operations (derived),2026-07-28 06:00:00,37707.07,"Estimated repair cost for Water-019 (Water Pump) — wear-severity 1.89x base rate ₹20,000",,derived_cross_agent,COST-00229,BLD-HQ-01
INTERNAL-MAINTENANCE,"Maintenance Operations (Internal, derived)",Maintenance Operations (derived),2026-07-28 06:00:00,49062.65,"Estimated repair cost for Air-018 (Air Handling Unit) — wear-severity 1.75x base rate ₹28,000",,derived_cross_agent,COST-00230,BLD-HQ-01
INTERNAL-MAINTENANCE,"Maintenance Operations (Internal, derived)",Maintenance Operations (derived),2026-07-28 06:00:00,70872.48,"Estimated repair cost for HVAC-017 (HVAC Chiller) — wear-severity 1.57x base rate ₹45,000",,derived_cross_agent,COST-00231,BLD-HQ-01
INTERNAL-MAINTENANCE,"Maintenance Operations (Internal, derived)",Maintenance Operations (derived),2026-07-28 06:00:00,30027.45,"Estimated repair cost for Backup-016 (Backup Generator) — wear-severity 1.50x base rate ₹20,000",,derived_cross_agent,COST-00232,BLD-HQ-01
INTERNAL-MAINTENANCE,"Maintenance Operations (Internal, derived)",Maintenance Operations (derived),2026-07-28 06:00:00,22219.76,"Estimated repair cost for Elevator-015 (Elevator Motor) — wear-severity 1.11x base rate ₹20,000",,derived_cross_agent,COST-00233,BLD-HQ-01
INTERNAL-MAINTENANCE,"Maintenance Operations (Internal, derived)",Maintenance Operations (derived),2026-07-28 06:00:00,67453.81,"Estimated repair cost for Boiler-014 (Boiler) — wear-severity 1.30x base rate ₹52,000",,derived_cross_agent,COST-00234,BLD-HQ-01
INTERNAL-MAINTENANCE,"Maintenance Operations (Internal, derived)",Maintenance Operations (derived),2026-07-28 06:00:00,53420.23,"Estimated repair cost for Cooling-013 (Cooling Tower) — wear-severity 1.72x base rate ₹31,000",,derived_cross_agent,COST-00235,BLD-HQ-01
INTERNAL-MAINTENANCE,"Maintenance Operations (Internal, derived)",Maintenance Operations (derived),2026-07-28 06:00:00,34016.6,"Estimated repair cost for Air-012 (Air Compressor) — wear-severity 1.70x base rate ₹20,000",,derived_cross_agent,COST-00236,BLD-HQ-01
INTERNAL-MAINTENANCE,"Maintenance Operations (Internal, derived)",Maintenance Operations (derived),2026-07-28 06:00:00,29243.19,"Estimated repair cost for Water-011 (Water Pump) — wear-severity 1.46x base rate ₹20,000",,derived_cross_agent,COST-00237,BLD-HQ-01
INTERNAL-MAINTENANCE,"Maintenance Operations (Internal, derived)",Maintenance Operations (derived),2026-07-28 06:00:00,46549.2,"Estimated repair cost for Air-010 (Air Handling Unit) — wear-severity 1.66x base rate ₹28,000",,derived_cross_agent,COST-00238,BLD-HQ-01
INTERNAL-MAINTENANCE,"Maintenance Operations (Internal, derived)",Maintenance Operations (derived),2026-07-28 06:00:00,57049.69,"Estimated repair cost for HVAC-009 (HVAC Chiller) — wear-severity 1.27x base rate ₹45,000",,derived_cross_agent,COST-00239,BLD-HQ-01
INTERNAL-MAINTENANCE,"Maintenance Operations (Internal, derived)",Maintenance Operations (derived),2026-07-28 06:00:00,34601.22,"Estimated repair cost for Backup-008 (Backup Generator) — wear-severity 1.73x base rate ₹20,000",,derived_cross_agent,COST-00240,BLD-HQ-01
INTERNAL-MAINTENANCE,"Maintenance Operations (Internal, derived)",Maintenance Operations (derived),2026-07-28 06:00:00,23654.44,"Estimated repair cost for Elevator-007 (Elevator Motor) — wear-severity 1.18x base rate ₹20,000",,derived_cross_agent,COST-00241,BLD-HQ-01
INTERNAL-MAINTENANCE,"Maintenance Operations (Internal, derived)",Maintenance Operations (derived),2026-07-28 06:00:00,65288.77,"Estimated repair cost for Boiler-006 (Boiler) — wear-severity 1.26x base rate ₹52,000",,derived_cross_agent,COST-00242,BLD-HQ-01
INTERNAL-MAINTENANCE,"Maintenance Operations (Internal, derived)",Maintenance Operations (derived),2026-07-28 06:00:00,33266.24,"Estimated repair cost for Air-004 (Air Compressor) — wear-severity 1.66x base rate ₹20,000",,derived_cross_agent,COST-00243,BLD-HQ-01
INTERNAL-MAINTENANCE,"Maintenance Operations (Internal, derived)",Maintenance Operations (derived),2026-07-28 06:00:00,41830.97,"Estimated repair cost for Water-003 (Water Pump) — wear-severity 2.09x base rate ₹20,000",,derived_cross_agent,COST-00244,BLD-HQ-01
INTERNAL-MAINTENANCE,"Maintenance Operations (Internal, derived)",Maintenance Operations (derived),2026-07-28 06:00:00,46316.13,"Estimated repair cost for Air-002 (Air Handling Unit) — wear-severity 1.65x base rate ₹28,000",,derived_cross_agent,COST-00245,BLD-HQ-01
INTERNAL-MAINTENANCE,"Maintenance Operations (Internal, derived)",Maintenance Operations (derived),2026-07-28 06:00:00,61047.5,"Estimated repair cost for HVAC-001 (HVAC Chiller) — wear-severity 1.36x base rate ₹45,000",,derived_cross_agent,COST-00246,BLD-HQ-01
INTERNAL-MAINTENANCE,"Maintenance Operations (Internal, derived)",Maintenance Operations (derived),2026-07-28 06:00:00,36866.75,"Estimated repair cost for Elevator-031 (Elevator Motor) — wear-severity 1.84x base rate ₹20,000",,derived_cross_agent,COST-00247,BLD-HQ-01
INTERNAL-MAINTENANCE,"Maintenance Operations (Internal, derived)",Maintenance Operations (derived),2026-07-28 06:00:00,36504.5,"Estimated repair cost for Backup-032 (Backup Generator) — wear-severity 1.83x base rate ₹20,000",,derived_cross_agent,COST-00248,BLD-HQ-01
INTERNAL-MAINTENANCE,"Maintenance Operations (Internal, derived)",Maintenance Operations (derived),2026-07-28 06:00:00,64456.81,"Estimated repair cost for HVAC-025 (HVAC Chiller) — wear-severity 1.43x base rate ₹45,000",,derived_cross_agent,COST-00249,BLD-HQ-01
INTERNAL-MAINTENANCE,"Maintenance Operations (Internal, derived)",Maintenance Operations (derived),2026-07-28 06:00:00,65650.42,"Estimated repair cost for Air-034 (Air Handling Unit) — wear-severity 2.34x base rate ₹28,000",,derived_cross_agent,COST-00250,BLD-HQ-01
INTERNAL-MAINTENANCE,"Maintenance Operations (Internal, derived)",Maintenance Operations (derived),2026-07-28 06:00:00,30002.85,"Estimated repair cost for Elevator-047 (Elevator Motor) — wear-severity 1.50x base rate ₹20,000",,derived_cross_agent,COST-00251,BLD-HQ-01
INTERNAL-MAINTENANCE,"Maintenance Operations (Internal, derived)",Maintenance Operations (derived),2026-07-28 06:00:00,40914.54,"Estimated repair cost for Backup-048 (Backup Generator) — wear-severity 2.05x base rate ₹20,000",,derived_cross_agent,COST-00252,BLD-HQ-01
INTERNAL-MAINTENANCE,"Maintenance Operations (Internal, derived)",Maintenance Operations (derived),2026-07-28 06:00:00,48625.91,"Estimated repair cost for HVAC-033 (HVAC Chiller) — wear-severity 1.08x base rate ₹45,000",,derived_cross_agent,COST-00253,BLD-HQ-01
INTERNAL-MAINTENANCE,"Maintenance Operations (Internal, derived)",Maintenance Operations (derived),2026-07-28 06:00:00,58660.64,"Estimated repair cost for Air-050 (Air Handling Unit) — wear-severity 2.10x base rate ₹28,000",,derived_cross_agent,COST-00254,BLD-HQ-01
INTERNAL-MAINTENANCE,"Maintenance Operations (Internal, derived)",Maintenance Operations (derived),2026-07-28 06:00:00,30121.46,"Estimated repair cost for Water-051 (Water Pump) — wear-severity 1.51x base rate ₹20,000",,derived_cross_agent,COST-00255,BLD-HQ-01
INTERNAL-MAINTENANCE,"Maintenance Operations (Internal, derived)",Maintenance Operations (derived),2026-07-28 06:00:00,39549.02,"Estimated repair cost for Air-052 (Air Compressor) — wear-severity 1.98x base rate ₹20,000",,derived_cross_agent,COST-00256,BLD-HQ-01
INTERNAL-MAINTENANCE,"Maintenance Operations (Internal, derived)",Maintenance Operations (derived),2026-07-28 06:00:00,60941.72,"Estimated repair cost for Cooling-053 (Cooling Tower) — wear-severity 1.97x base rate ₹31,000",,derived_cross_agent,COST-00257,BLD-HQ-01
INTERNAL-MAINTENANCE,"Maintenance Operations (Internal, derived)",Maintenance Operations (derived),2026-07-28 06:00:00,74668.4,"Estimated repair cost for Boiler-054 (Boiler) — wear-severity 1.44x base rate ₹52,000",,derived_cross_agent,COST-00258,BLD-HQ-01
INTERNAL-MAINTENANCE,"Maintenance Operations (Internal, derived)",Maintenance Operations (derived),2026-07-28 06:00:00,89260.42,"Estimated repair cost for Boiler-046 (Boiler) — wear-severity 1.72x base rate ₹52,000",,derived_cross_agent,COST-00259,BLD-HQ-01
INTERNAL-MAINTENANCE,"Maintenance Operations (Internal, derived)",Maintenance Operations (derived),2026-07-28 06:00:00,30332.39,"Estimated repair cost for Elevator-055 (Elevator Motor) — wear-severity 1.52x base rate ₹20,000",,derived_cross_agent,COST-00260,BLD-HQ-01
INTERNAL-MAINTENANCE,"Maintenance Operations (Internal, derived)",Maintenance Operations (derived),2026-07-28 06:00:00,69094.38,"Estimated repair cost for HVAC-057 (HVAC Chiller) — wear-severity 1.54x base rate ₹45,000",,derived_cross_agent,COST-00261,BLD-HQ-01
INTERNAL-MAINTENANCE,"Maintenance Operations (Internal, derived)",Maintenance Operations (derived),2026-07-28 06:00:00,61665.47,"Estimated repair cost for Air-058 (Air Handling Unit) — wear-severity 2.20x base rate ₹28,000",,derived_cross_agent,COST-00262,BLD-HQ-01
INTERNAL-MAINTENANCE,"Maintenance Operations (Internal, derived)",Maintenance Operations (derived),2026-07-28 06:00:00,32211.52,"Estimated repair cost for Water-059 (Water Pump) — wear-severity 1.61x base rate ₹20,000",,derived_cross_agent,COST-00263,BLD-HQ-01
INTERNAL-MAINTENANCE,"Maintenance Operations (Internal, derived)",Maintenance Operations (derived),2026-07-28 06:00:00,27517.44,"Estimated repair cost for Air-060 (Air Compressor) — wear-severity 1.38x base rate ₹20,000",,derived_cross_agent,COST-00264,BLD-HQ-01
INTERNAL-MAINTENANCE,"Maintenance Operations (Internal, derived)",Maintenance Operations (derived),2026-07-28 06:00:00,61790.42,"Estimated repair cost for Cooling-061 (Cooling Tower) — wear-severity 1.99x base rate ₹31,000",,derived_cross_agent,COST-00265,BLD-HQ-01
INTERNAL-MAINTENANCE,"Maintenance Operations (Internal, derived)",Maintenance Operations (derived),2026-07-28 06:00:00,103276.03,"Estimated repair cost for Boiler-062 (Boiler) — wear-severity 1.99x base rate ₹52,000",,derived_cross_agent,COST-00266,BLD-HQ-01
INTERNAL-MAINTENANCE,"Maintenance Operations (Internal, derived)",Maintenance Operations (derived),2026-07-28 06:00:00,37315.29,"Estimated repair cost for Elevator-063 (Elevator Motor) — wear-severity 1.87x base rate ₹20,000",,derived_cross_agent,COST-00267,BLD-HQ-01
INTERNAL-MAINTENANCE,"Maintenance Operations (Internal, derived)",Maintenance Operations (derived),2026-07-28 06:00:00,35115.5,"Estimated repair cost for Backup-064 (Backup Generator) — wear-severity 1.76x base rate ₹20,000",,derived_cross_agent,COST-00268,BLD-HQ-01
INTERNAL-MAINTENANCE,"Maintenance Operations (Internal, derived)",Maintenance Operations (derived),2026-07-28 06:00:00,43589.98,"Estimated repair cost for Backup-056 (Backup Generator) — wear-severity 2.18x base rate ₹20,000",,derived_cross_agent,COST-00269,BLD-HQ-01
INTERNAL-MAINTENANCE,"Maintenance Operations (Internal, derived)",Maintenance Operations (derived),2026-07-28 06:00:00,43015.31,"Estimated repair cost for Cooling-045 (Cooling Tower) — wear-severity 1.39x base rate ₹31,000",,derived_cross_agent,COST-00270,BLD-HQ-01
INTERNAL-MAINTENANCE,"Maintenance Operations (Internal, derived)",Maintenance Operations (derived),2026-07-28 06:00:00,107935.55,"Estimated repair cost for HVAC-049 (HVAC Chiller) — wear-severity 2.40x base rate ₹45,000",,derived_cross_agent,COST-00271,BLD-HQ-01
INTERNAL-MAINTENANCE,"Maintenance Operations (Internal, derived)",Maintenance Operations (derived),2026-07-28 06:00:00,27922.83,"Estimated repair cost for Air-044 (Air Compressor) — wear-severity 1.40x base rate ₹20,000",,derived_cross_agent,COST-00272,BLD-HQ-01
INTERNAL-MAINTENANCE,"Maintenance Operations (Internal, derived)",Maintenance Operations (derived),2026-07-28 06:00:00,29713.01,"Estimated repair cost for Water-043 (Water Pump) — wear-severity 1.49x base rate ₹20,000",,derived_cross_agent,COST-00273,BLD-HQ-01
INTERNAL-MAINTENANCE,"Maintenance Operations (Internal, derived)",Maintenance Operations (derived),2026-07-28 06:00:00,42873.7,"Estimated repair cost for Water-035 (Water Pump) — wear-severity 2.14x base rate ₹20,000",,derived_cross_agent,COST-00274,BLD-HQ-01
INTERNAL-MAINTENANCE,"Maintenance Operations (Internal, derived)",Maintenance Operations (derived),2026-07-28 06:00:00,44295.06,"Estimated repair cost for Air-036 (Air Compressor) — wear-severity 2.21x base rate ₹20,000",,derived_cross_agent,COST-00275,BLD-HQ-01
INTERNAL-MAINTENANCE,"Maintenance Operations (Internal, derived)",Maintenance Operations (derived),2026-07-28 06:00:00,68014.55,"Estimated repair cost for Cooling-037 (Cooling Tower) — wear-severity 2.19x base rate ₹31,000",,derived_cross_agent,COST-00276,BLD-HQ-01
INTERNAL-MAINTENANCE,"Maintenance Operations (Internal, derived)",Maintenance Operations (derived),2026-07-28 06:00:00,87502.49,"Estimated repair cost for Boiler-038 (Boiler) — wear-severity 1.68x base rate ₹52,000",,derived_cross_agent,COST-00277,BLD-HQ-01
INTERNAL-MAINTENANCE,"Maintenance Operations (Internal, derived)",Maintenance Operations (derived),2026-07-28 06:00:00,57194.22,"Estimated repair cost for Air-042 (Air Handling Unit) — wear-severity 2.04x base rate ₹28,000",,derived_cross_agent,COST-00278,BLD-HQ-01
INTERNAL-MAINTENANCE,"Maintenance Operations (Internal, derived)",Maintenance Operations (derived),2026-07-28 06:00:00,76971.35,"Estimated repair cost for HVAC-041 (HVAC Chiller) — wear-severity 1.71x base rate ₹45,000",,derived_cross_agent,COST-00279,BLD-HQ-01
INTERNAL-MAINTENANCE,"Maintenance Operations (Internal, derived)",Maintenance Operations (derived),2026-07-28 06:00:00,26691.08,"Estimated repair cost for Elevator-039 (Elevator Motor) — wear-severity 1.33x base rate ₹20,000",,derived_cross_agent,COST-00280,BLD-HQ-01
INTERNAL-MAINTENANCE,"Maintenance Operations (Internal, derived)",Maintenance Operations (derived),2026-07-28 06:00:00,30135.2,"Estimated repair cost for Backup-040 (Backup Generator) — wear-severity 1.51x base rate ₹20,000",,derived_cross_agent,COST-00281,BLD-HQ-01
INTERNAL-OCCUPANCY,"Occupancy Operations (Internal, derived)",Occupancy Operations (derived),2026-08-03 00:00:00,52276.5,"Estimated FM services cost for Cafeteria, week of 2026-08-03 — 2904 occupant-hours at ₹18/hr",,derived_cross_agent,COST-00282,BLD-HQ-01
INTERNAL-SECURITY,"Security Operations (Internal, derived)",Security Operations (derived),2026-08-03 00:00:00,724800.0,"Estimated incident-response cost, week of 2026-08-03 — 151 flagged 'unauthorized_restricted_zone_access' events",,derived_cross_agent,COST-00283,BLD-HQ-01
INTERNAL-SECURITY,"Security Operations (Internal, derived)",Security Operations (derived),2026-08-03 00:00:00,69200.0,"Estimated incident-response cost, week of 2026-08-03 — 70 flagged 'repeated_denial' events",,derived_cross_agent,COST-00284,BLD-HQ-01
INTERNAL-SECURITY,"Security Operations (Internal, derived)",Security Operations (derived),2026-08-03 00:00:00,8000.0,"Estimated incident-response cost, week of 2026-08-03 — 7 flagged 'after_hours_access' events",,derived_cross_agent,COST-00285,BLD-HQ-01
INTERNAL-OCCUPANCY,"Occupancy Operations (Internal, derived)",Occupancy Operations (derived),2026-08-03 00:00:00,62725.5,"Estimated FM services cost for Open Office - Floor 1, week of 2026-08-03 — 3485 occupant-hours at ₹18/hr",,derived_cross_agent,COST-00286,BLD-HQ-01
INTERNAL-OCCUPANCY,"Occupancy Operations (Internal, derived)",Occupancy Operations (derived),2026-08-03 00:00:00,61564.5,"Estimated FM services cost for Open Office - Floor 2, week of 2026-08-03 — 3420 occupant-hours at ₹18/hr",,derived_cross_agent,COST-00287,BLD-HQ-01
INTERNAL-OCCUPANCY,"Occupancy Operations (Internal, derived)",Occupancy Operations (derived),2026-08-03 00:00:00,3847.5,"Estimated FM services cost for Server Room, week of 2026-08-03 — 214 occupant-hours at ₹18/hr",,derived_cross_agent,COST-00288,BLD-HQ-01
INTERNAL-OCCUPANCY,"Occupancy Operations (Internal, derived)",Occupancy Operations (derived),2026-08-03 00:00:00,11826.0,"Estimated FM services cost for Executive Wing, week of 2026-08-03 — 657 occupant-hours at ₹18/hr",,derived_cross_agent,COST-00289,BLD-HQ-01
INTERNAL-OCCUPANCY,"Occupancy Operations (Internal, derived)",Occupancy Operations (derived),2026-08-03 00:00:00,25663.5,"Estimated FM services cost for Lobby, week of 2026-08-03 — 1426 occupant-hours at ₹18/hr",,derived_cross_agent,COST-00290,BLD-HQ-01
INTERNAL-OCCUPANCY,"Occupancy Operations (Internal, derived)",Occupancy Operations (derived),2026-08-03 00:00:00,7069.5,"Estimated FM services cost for Meeting Room B, week of 2026-08-03 — 393 occupant-hours at ₹18/hr",,derived_cross_agent,COST-00291,BLD-HQ-01
INTERNAL-OCCUPANCY,"Occupancy Operations (Internal, derived)",Occupancy Operations (derived),2026-08-03 00:00:00,10521.0,"Estimated FM services cost for Meeting Room A, week of 2026-08-03 — 584 occupant-hours at ₹18/hr",,derived_cross_agent,COST-00292,BLD-HQ-01
INTERNAL-SECURITY,"Security Operations (Internal, derived)",Security Operations (derived),2026-08-10 00:00:00,657600.0,"Estimated incident-response cost, week of 2026-08-10 — 137 flagged 'unauthorized_restricted_zone_access' events",,derived_cross_agent,COST-00293,BLD-HQ-01
INTERNAL-SECURITY,"Security Operations (Internal, derived)",Security Operations (derived),2026-08-10 00:00:00,43200.0,"Estimated incident-response cost, week of 2026-08-10 — 39 flagged 'repeated_denial' events",,derived_cross_agent,COST-00294,BLD-HQ-01
INTERNAL-SECURITY,"Security Operations (Internal, derived)",Security Operations (derived),2026-08-10 00:00:00,8400.0,"Estimated incident-response cost, week of 2026-08-10 — 9 flagged 'after_hours_access' events",,derived_cross_agent,COST-00295,BLD-HQ-01
INTERNAL-OCCUPANCY,"Occupancy Operations (Internal, derived)",Occupancy Operations (derived),2026-08-10 00:00:00,2241.0,"Estimated FM services cost for Lobby, week of 2026-08-10 — 124 occupant-hours at ₹18/hr",,derived_cross_agent,COST-00296,BLD-HQ-01
INTERNAL-OCCUPANCY,"Occupancy Operations (Internal, derived)",Occupancy Operations (derived),2026-08-10 00:00:00,805.5,"Estimated FM services cost for Meeting Room A, week of 2026-08-10 — 45 occupant-hours at ₹18/hr",,derived_cross_agent,COST-00297,BLD-HQ-01
INTERNAL-OCCUPANCY,"Occupancy Operations (Internal, derived)",Occupancy Operations (derived),2026-08-10 00:00:00,657.0,"Estimated FM services cost for Meeting Room B, week of 2026-08-10 — 36 occupant-hours at ₹18/hr",,derived_cross_agent,COST-00298,BLD-HQ-01
INTERNAL-OCCUPANCY,"Occupancy Operations (Internal, derived)",Occupancy Operations (derived),2026-08-10 00:00:00,5845.5,"Estimated FM services cost for Open Office - Floor 1, week of 2026-08-10 — 325 occupant-hours at ₹18/hr",,derived_cross_agent,COST-00299,BLD-HQ-01
INTERNAL-OCCUPANCY,"Occupancy Operations (Internal, derived)",Occupancy Operations (derived),2026-08-10 00:00:00,1098.0,"Estimated FM services cost for Executive Wing, week of 2026-08-10 — 61 occupant-hours at ₹18/hr",,derived_cross_agent,COST-00300,BLD-HQ-01
INTERNAL-OCCUPANCY,"Occupancy Operations (Internal, derived)",Occupancy Operations (derived),2026-08-10 00:00:00,4617.0,"Estimated FM services cost for Cafeteria, week of 2026-08-10 — 256 occupant-hours at ₹18/hr",,derived_cross_agent,COST-00301,BLD-HQ-01
INTERNAL-OCCUPANCY,"Occupancy Operations (Internal, derived)",Occupancy Operations (derived),2026-08-10 00:00:00,5877.0,"Estimated FM services cost for Open Office - Floor 2, week of 2026-08-10 — 326 occupant-hours at ₹18/hr",,derived_cross_agent,COST-00302,BLD-HQ-01
INTERNAL-OCCUPANCY,"Occupancy Operations (Internal, derived)",Occupancy Operations (derived),2026-08-10 00:00:00,301.5,"Estimated FM services cost for Server Room, week of 2026-08-10 — 17 occupant-hours at ₹18/hr",,derived_cross_agent,COST-00303,BLD-HQ-01
INTERNAL-SECURITY,"Security Operations (Internal, derived)",Security Operations (derived),2026-08-17 00:00:00,4400.0,"Estimated incident-response cost, week of 2026-08-17 — 4 flagged 'after_hours_access' events",,derived_cross_agent,COST-00304,BLD-HQ-01
INTERNAL-SECURITY,"Security Operations (Internal, derived)",Security Operations (derived),2026-08-17 00:00:00,57600.0,"Estimated incident-response cost, week of 2026-08-17 — 54 flagged 'repeated_denial' events",,derived_cross_agent,COST-00305,BLD-HQ-01
INTERNAL-SECURITY,"Security Operations (Internal, derived)",Security Operations (derived),2026-08-17 00:00:00,667200.0,"Estimated incident-response cost, week of 2026-08-17 — 139 flagged 'unauthorized_restricted_zone_access' events",,derived_cross_agent,COST-00306,BLD-HQ-01
INTERNAL-SECURITY,"Security Operations (Internal, derived)",Security Operations (derived),2026-08-24 00:00:00,51200.0,"Estimated incident-response cost, week of 2026-08-24 — 40 flagged 'repeated_denial' events",,derived_cross_agent,COST-00307,BLD-HQ-01
INTERNAL-SECURITY,"Security Operations (Internal, derived)",Security Operations (derived),2026-08-24 00:00:00,12400.0,"Estimated incident-response cost, week of 2026-08-24 — 11 flagged 'after_hours_access' events",,derived_cross_agent,COST-00308,BLD-HQ-01
INTERNAL-SECURITY,"Security Operations (Internal, derived)",Security Operations (derived),2026-08-24 00:00:00,676800.0,"Estimated incident-response cost, week of 2026-08-24 — 141 flagged 'unauthorized_restricted_zone_access' events",,derived_cross_agent,COST-00309,BLD-HQ-01
