Sl No.,Department-Location,Tender Title,Tender Value in Rs,Published Date,Last Date,Tender Type,Category,Sub-Category,Tender Number
1,BBMP-EE-PDMBNGR,Providing drinking water works in ward no 183 in Padmanabhanagara Division,"1,186,957",01/04/2017,20/04/2017,OPEN,WORKS,Other Works,BBMP/2017-18/OW/WORK_INDENT25412
3,BBMP-EE-MAHADEVAPURA,Special repairs and improvements to BBMP building at Kadugudi in Ward no.83,"1,494,135",03/04/2017,20/04/2017,OPEN,WORKS,,BBMP/2016-17/BD/WORK_INDENT23739/CALL-2
4,BBMP-EE-MAHADEVAPURA,Improvements to roads and drains at Shankarapura colony in Kadugudi ward No.83,"1,497,920",03/04/2017,20/04/2017,OPEN,WORKS,,BBMP/2016-17/OW/WORK_INDENT23813/CALL-2
5,BBMP-EE-MAHADEVAPURA,Improvements to roads and construction of drains to 1st Main road Ambedkarnagara in Kadugudi ward No.83,"2,480,499",03/04/2017,20/04/2017,OPEN,WORKS,,BBMP/2016-17/OW/WORK_INDENT23803/CALL-3
6,BBMP-EE-MAHADEVAPURA,Construction of drains to 3rd cross road of Kadugudi plantation (Dinnur) in Kadugudi ward No.83,"1,993,668",03/04/2017,10/04/2017,OPEN,WORKS,,BBMP/2016-17/OW/WORK_INDENT23812/CALL-3
8,BBMP-EE-MAHADEVAPURA,Improvements to roads and drains at Vijayalakshmi colony cross roads in Kadugudi ward No.83,"1,498,123",03/04/2017,20/04/2017,OPEN,WORKS,,BBMP/2016-17/OW/WORK_INDENT23810/CALL-3
12,BBMP-EE-MAHADEVAPURA,Improvements to roads and drains at Di-Silva & Naidu Layout in Kadugudi ward No.83,"1,492,631",03/04/2017,20/04/2017,OPEN,WORKS,,BBMP/2016-17/OW/WORK_INDENT23808/CALL-3
13,BBMP-EE-MAHADEVAPURA,Improvements to roads and drains at VSR Layout and Purushotham Singh house road in Kadugudi ward No.83,"1,497,443",03/04/2017,20/04/2017,OPEN,WORKS,,BBMP/2016-17/OW/WORK_INDENT23806/CALL-3
14,BBMP-EE-MAHADEVAPURA,Improvements to roads and drains of Prashanth Layout Main road in Kadugudi ward No.83,"1,991,875",03/04/2017,20/04/2017,OPEN,WORKS,,BBMP/2016-17/OW/WORK_INDENT23805/CALL-3
15,BBMP-EE-MAHADEVAPURA,Improvements to roads and drains of Kadugudi Extention near BESCOM office in Kadugudi ward No.83,"1,993,857",03/04/2017,20/04/2017,OPEN,WORKS,,BBMP/2016-17/OW/WORK_INDENT23804/CALL-3
16,BBMP-EE-MAHADEVAPURA,Improvements and Asphalting to roads at Maruthi layout in ward no.83 Kadugudi,"2,494,014",03/04/2017,20/04/2017,OPEN,WORKS,,BBMP/2016-17/OW/WORK_INDENT23955/CALL-3
17,BBMP-EE-MAHADEVAPURA,Construction of road and drain at 5th cross Tulasi Theater main road at Marathahalli at Ward no :86,"1,997,687",03/04/2017,20/04/2017,OPEN,WORKS,,BBMP/2016-17/OW/WORK_INDENT24324/CALL-2
18,BBMP-EE-MAHADEVAPURA,Improvements to roads and drains at Srirama Nursing Home road at Marathahalli in Ward No:86,"3,597,916",03/04/2017,20/04/2017,OPEN,WORKS,,BBMP/2016-17/OW/WORK_INDENT24326/CALL-2
20,BBMP-EE-MAHADEVAPURA,Improvementing roads and drains of Nalluralli cross roads in ward no.84,"1,977,525",04/04/2017,20/04/2017,OPEN,WORKS,,BBMP/2016-17/OW/WORK_INDENT21405/CALL-5
21,BBMP-EE-MAHADEVAPURA,Improvements to Roads and drains at Seetharampalya in Garudacharpalya ward no-82,"1,979,729",04/04/2017,20/04/2017,OPEN,WORKS,,BBMP/2016-17/OW/WORK_INDENT23961/CALL-3
22,BBMP-EE-MAHADEVAPURA,Demolition of Unauthorized Building and removal of debris at Sy no.102-2 Pattanduru Agrahara in Garudacharpalya ward no.82,"680,423",04/04/2017,20/04/2017,OPEN,WORKS,,BBMP/2016-17/OW/WORK_INDENT24684/CALL-2
24,BBMP-EE-MAHADEVAPURA,"Maintenance and Repairs to Culverts, drains in Ward No-54","1,494,592",04/04/2017,20/04/2017,OPEN,WORKS,,BBMP/2016-17/OW/WORK_INDENT24689/CALL-2
25,BBMP-EE-MAHADEVAPURA,Providing and fixing of Name boards at Hoodi ward no.54,"994,573",04/04/2017,20/04/2017,OPEN,WORKS,,BBMP/2016-17/OW/WORK_INDENT24693/CALL-2
26,BBMP-EE-KRPURAM,"Development works in ward no.55, Devasandra.","17,325,088",04/04/2017,21/04/2017,OPEN,WORKS,Other Works,BBMP/2017-18/OW/WORK_INDENT25414
27,BBMP-EE-KRPURAM,Develoment works in Ward No. 56 A.Narayanapura,"17,326,034",04/04/2017,21/04/2017,OPEN,WORKS,Other Works,BBMP/2017-18/OW/WORK_INDENT25415
28,BBMP-EE-KRPURAM,Construction of First Floor & Second Floor at M.E.G. Layout Akash Nagar in Ward No. 81,"17,324,793",04/04/2017,21/04/2017,OPEN,WORKS,Other Works,BBMP/2017-18/OW/WORK_INDENT25420
29,BBMP-EE-KRPURAM,Construction of Dialysis Center at Krishna Raja Puram,"19,248,763",04/04/2017,21/04/2017,OPEN,WORKS,Other Works,BBMP/2017-18/OW/WORK_INDENT25421
32,BBMP-EE-MAHADEVAPURA,Repairs and Improvements to Over Head Tank at Dinnur and Channasnadra in Ward No. 83 (Kadugudi),"498,390",05/04/2017,20/04/2017,OPEN,WORKS,Other Works,BBMP/2017-18/OW/WORK_INDENT25422
33,BBMP-EE-PDMBNGR,Providing and fixing 16 feet brass metal statue of swamy vivekananda in Yadiyur lake park in ward no 167,"5,500,000",05/04/2017,26/04/2017,OPEN,WORKS,,BBMP/2016-17/OW/WORK_INDENT24297/CALL-2
34,BBMP-EE-Chamarajpeth,Rejuvunation and construction of Kennels in Veternary Hospital Premises in Ward No 138,"6,767,771",05/04/2017,20/04/2017,OPEN,WORKS,Other Works,BBMP/2017-18/OW/WORK_INDENT25441
35,BBMP-EE-KRPURAM,Construction of Culverts in emergency required area at R M Nagara ward area in Ward No 26,"1,474,672",05/04/2017,21/04/2017,OPEN,WORKS,,BBMP/2016-17/OW/WORK_INDENT24015/CALL-3
36,BBMP-EE-KRPURAM,Improvements to Kowdenahalli Ashwatha Katte Area in R M Nagara Ward No 26,"999,959",05/04/2017,21/04/2017,OPEN,WORKS,,BBMP/2016-17/OW/WORK_INDENT24064/CALL-3
37,BBMP-EE-KRPURAM,Improvements to Existing Kalyani Area at Kalkere Village in R M Nagara Ward No 26,"4,493,006",05/04/2017,21/04/2017,OPEN,WORKS,,BBMP/2016-17/OW/WORK_INDENT24063/CALL-3
38,BBMP-EE-KRPURAM,Improvements to Roads and Drains at Kanaka Nagara Surrounding Area Cross Roads in RM Nagara Ward No 26,"2,964,367",05/04/2017,21/04/2017,OPEN,WORKS,,BBMP/2016-17/OW/WORK_INDENT24005/CALL-3
39,BBMP-EE-KRPURAM,Improvements to Roads and Drains at K Channasandra Surrounding Area Cross Roads in R M Nagara Ward No 26,"3,978,945",05/04/2017,21/04/2017,OPEN,WORKS,,BBMP/2016-17/OW/WORK_INDENT24009/CALL-3
43,BBMP-EE-KRPURAM,Construction of Balawadi building in Jyothinagar in Madahalli Basavanapura ward no 53,"4,999,166",05/04/2017,21/04/2017,OPEN,WORKS,,BBMP/2016-17/OW/WORK_INDENT24033/CALL-3
44,BBMP-EE-KRPURAM,Construction of Watchmen room and improvement to burrial ground at singaiahnapalya and tent road Devasandra in ward no 55,"1,962,077",05/04/2017,21/04/2017,OPEN,WORKS,,BBMP/2016-17/OW/WORK_INDENT23951/CALL-3
45,BBMP-EE-KRPURAM,Construction of Toilet Block Kitchen and Providing Furiture for Newly Proposed Community hall in Ward no 56,"2,743,425",05/04/2017,21/04/2017,OPEN,WORKS,,BBMP/2016-17/OW/WORK_INDENT23963/CALL-3
49,BBMP-EE-KRPURAM,Consturction of multipurpose hall in ward No 56,"2,289,370",05/04/2017,21/04/2017,OPEN,WORKS,,BBMP/2016-17/OW/WORK_INDENT23957/CALL-3
50,BBMP-EE-KRPURAM,Construction of multi purpose Building in HAL Airport Ward No 87,"3,990,102",05/04/2017,21/04/2017,OPEN,WORKS,,BBMP/2016-17/OW/WORK_INDENT24012/CALL-3
51,BBMP-EE-KRPURAM,Annual Maintenance of BBMP Building in ANarayanapura water supply sanitary etc of A NARAYANAPURA IN WARD NO 56,"430,560",05/04/2017,21/04/2017,OPEN,WORKS,,BBMP/2016-17/OW/WORK_INDENT23964/CALL-2
52,BBMP-EE-KRPURAM,Repairs and Maintenance Works BBMP Building in HAL Airport Ward no 87,"2,498,370",05/04/2017,21/04/2017,OPEN,WORKS,,BBMP/2016-17/OW/WORK_INDENT24003/CALL-3
53,BBMP-EE-MAHADEVAPURA,Improvements to road and drains at Ramanna layout Ist and 2nd cross Byrathi village in w.no.54,"4,898,163",06/04/2017,20/04/2017,OPEN,WORKS,Other Works,BBMP/2017-18/OW/WORK_INDENT25423
58,BBMP-EE-MAHADEVAPURA,Improvements to internal roads and drains at Byrathi in ward no-54,"3,999,715",06/04/2017,20/04/2017,OPEN,WORKS,Other Works,BBMP/2017-18/OW/WORK_INDENT25428
59,BBMP-EE-MAHADEVAPURA,Improvements to internal roads and drains at Ayappanagara(Vinayaka layout) in ward no-54,"4,494,648",06/04/2017,20/04/2017,OPEN,WORKS,Other Works,BBMP/2017-18/OW/WORK_INDENT25429
62,BBMP-EE-MAHADEVAPURA,"Improvements and providing water supply, sanitary works, Electical works, furniture to ward office in ward no 54","499,152",06/04/2017,20/04/2017,OPEN,WORKS,Other Works,BBMP/2017-18/OW/WORK_INDENT25458
63,BBMP-EE-MAHADEVAPURA,Development of Garden at Alfa Garden in ward no-54,"1,995,444",06/04/2017,20/04/2017,OPEN,WORKS,Other Works,BBMP/2017-18/OW/WORK_INDENT25431
66,BBMP-EE-MAHADEVAPURA,Improvements to Internal Roads and drains at Kaverinagara in Garudacharpalya ward no.82,"3,959,562",06/04/2017,20/04/2017,OPEN,WORKS,Other Works,BBMP/2017-18/OW/WORK_INDENT25462
70,BBMP-EE-CVRAMANNAGAR,Providing cement concrete Road at Ramaswamy layout in Malleshpalya in Ward No.57,"1,979,883",06/04/2017,08/05/2017,OPEN,WORKS,,BBMP/2016-17/RD/WORK_INDENT23094/CALL-3
72,BBMP-EE-MAHADEVAPURA,Improvements to Internal Roads and drain at Garudacharpalya ward no.82,"3,969,676",06/04/2017,20/04/2017,OPEN,WORKS,Other Works,BBMP/2017-18/OW/WORK_INDENT25461
75,BBMP-EE-MAHADEVAPURA,Repairs to Manholes in Garudacharpalya ward no.82,"999,401",06/04/2017,20/04/2017,OPEN,WORKS,Other Works,BBMP/2017-18/OW/WORK_INDENT25465
82,BBMP-EE-Chamarajpeth,Improvements and Asphalting to Rangantha Colony 1st Main road in Ward No 137,"1,499,446",06/04/2017,22/04/2017,OPEN,WORKS,,BBMP/2016-17/RD/WORK_INDENT24719/CALL-2
88,BBMP-EE-MAHADEVAPURA,Providing drinking water works in ward no.83 in Mahadevapura division,"1,273,844",06/04/2017,20/04/2017,OPEN,WORKS,Other Works,BBMP/2017-18/OW/WORK_INDENT25477
89,BBMP-EE-Chikpeth,"Improvements of CC roads,Asphalting road and RCC Drains Someshwara Colony In ward No: 144","4,452,333",06/04/2017,20/04/2017,OPEN,WORKS,Other Works,BBMP/2017-18/OW/WORK_INDENT25482
93,BBMP-EE-Chikpeth,Yearly maintenance and special maintenance for the BBMP Buildings in ward no 144,"925,118",06/04/2017,20/04/2017,OPEN,WORKS,Other Works,BBMP/2017-18/OW/WORK_INDENT25478
95,BBMP-EE-BTMLAYOUT,Engagement of Gangman and hiring of tractor / Tipper for cleaning and maintenance of Road side drains and other cleaning work the year 2017-18 in ward No. 146 (Lakkasandra),"1,198,264",06/04/2017,21/04/2017,OPEN,WORKS,Other Works,BBMP/2017-18/OW/WORK_INDENT25436
96,BBMP-EE-BTMLAYOUT,Construction of Toilet Block at Bus Stand near Police quarters in Lakkasandra in ward No. 146 Lakkasandra,"570,132",06/04/2017,21/04/2017,OPEN,WORKS,Other Works,BBMP/2017-18/OW/WORK_INDENT25438
102,BBMP-EE-BTMLAYOUT,Construction of Rain water Harvesting in ward No. 152 (Suddaguntepalya),"992,532",06/04/2017,21/04/2017,OPEN,WORKS,Other Works,BBMP/2017-18/OW/WORK_INDENT25445
104,BBMP-EE-BTMLAYOUT,Improvements to Roads at Maruthi Nagara Madiwala Extn and surrounding area in ward No. 152 (Suddaguntepalya),"1,992,542",06/04/2017,21/04/2017,OPEN,WORKS,Other Works,BBMP/2017-18/OW/WORK_INDENT25447
106,BBMP-EE-ELEC-SOUTH,Providing Ornamental lights fixtures to 22nd main and 28th main in 4th T Block Jayanagar in ward no 168.,"2,169,218",18/04/2017,26/04/2017,OPEN,WORKS,Electrical,BBMP/2017-18/EL/WORK_INDENT25557
107,BBMP-EE-ELEC-SOUTH,Supplying and installation testing and commissioning of Roof Top solar system to ward office in ward No 165.,"3,499,241",18/04/2017,26/04/2017,OPEN,WORKS,Electrical,BBMP/2017-18/EL/WORK_INDENT25554
108,BBMP-EE-ELEC-SOUTH,Providing Lighting System to Kadirenahalli Park and Street light fittings in ward no 180.,"1,962,098",18/04/2017,26/04/2017,OPEN,WORKS,Electrical,BBMP/2017-18/EL/WORK_INDENT25552
109,BBMP-EE-ELEC-SOUTH,Providing and fixing of LED street lights in Ward No 179 in Jaynagar Division.,"999,970",18/04/2017,26/04/2017,OPEN,WORKS,Electrical,BBMP/2017-18/EL/WORK_INDENT25559
110,BBMP-EE-ELEC-SOUTH,Supply and installation of Lift to IPP Multipurpose building in 9th Main Yarabnagar in ward no 180.,"2,494,548",18/04/2017,26/04/2017,OPEN,WORKS,Electrical,BBMP/2017-18/EL/WORK_INDENT25553
111,BBMP-EE-PDMBNGR,Providing cleaning and security maintenance samudhaya Bhavan and ward office Building in ward no 166.,"1,415,020",18/04/2017,21/04/2017,OPEN,WORKS,Other Works,BBMP/2017-18/OW/WORK_INDENT25566
112,BBMP-EE-PDMBNGR,Providing Cleaning and Security Maintainance IPP Centre and Ward office Building ward no 180.,"800,748",18/04/2017,21/04/2017,OPEN,WORKS,Other Works,BBMP/2017-18/OW/WORK_INDENT25570
113,BBMP_EE_GVND,"Comprehensive development of Asphalting works, roads drains and other allied works in Ward No. 103,104,105,106 & 125 of Govindrajnagar Division 2016-17 (Comprising of 19 works)","319,785,177",18/04/2017,15/05/2017,OPEN,WORKS,Other Works,BBMP/2017-18/OW/WORK_INDENT25500
114,BBMP_EE_GVND,"Comprehensive development of Asphalting works, roads drains and other allied works in Ward No 126,127,128 and 131 of Chandra Layout Sub Division Jurisdiction (Comprising of 48 works)","340,120,691",18/04/2017,15/05/2017,OPEN,WORKS,Other Works,BBMP/2017-18/OW/WORK_INDENT25501
115,BBMP-EE-BNG SOUTH,Improvements and asphalting to deodite public school in Ward No197 Vasanthapura,"4,950,356",20/04/2017,21/04/2017,OPEN,WORKS,Roads,BBMP/2017-18/RD/WORK_INDENT25623
119,BBMP-EE-BNG SOUTH,Drilling of Borewells and errection of Pubmpset in Ward No 192,"4,904,864",20/04/2017,21/04/2017,OPEN,WORKS,Water supply/sewage lines,BBMP/2017-18/WS/WORK_INDENT25638
120,BBMP-EE-BNG SOUTH,Construction of Office at Bikashipura BBMP property in Ward No 197,"2,268,011",20/04/2017,21/04/2017,OPEN,WORKS,Buildings,BBMP/2017-18/BD/WORK_INDENT25647
121,BBMP-EE-BNG SOUTH,Reserve fund for Emergency works in Ward No 197 Vasanthapura,"2,922,412",20/04/2017,21/04/2017,OPEN,WORKS,Water supply/sewage lines,BBMP/2017-18/WS/WORK_INDENT25649
123,BBMP-EE-SARVAGNANAGAR,"IMPROVEMENTS TO DRAIN AND CULVERT IN 10th CROSS AND 11th CROSS ROAD (EX-SERVICEMAN COLONY) VENKATASWAMY LAYOUT IN WARD NO.27, BANASAWADI.","1,999,155",19/04/2017,26/04/2017,OPEN,WORKS,Roads,BBMP/2017-18/RD/WORK_INDENT25561
124,BBMP-EE-SARVAGNANAGAR,"IMPROVEMENTS TO DRAIN AND CULVERT AT SANGOLLI RAYANNA ROAD MAIN ROAD IN WARD NO.27, BANASAWADI","1,998,825",19/04/2017,26/04/2017,OPEN,WORKS,Bridges/Culverts,BBMP/2017-18/BR/WORK_INDENT25562
127,BBMP-EE-MR-SOUTH,Construction of Grade Separator at Gangamma Circle in Byatarayanapura Constituency,"188,700,000",19/04/2017,12/05/2017,OPEN,WORKS,Flyovers,BBMP/2017-18/FL/WORK_INDENT25502
128,BBMP-EE-ELEC-BOMMANAHALLI,"Providing LED street lights, AB Cable, ACSR wire, Poles, and control Switches, etc., to ward No-174 HSR LO","1,499,843",21/04/2017,09/05/2017,OPEN,WORKS,Electrical,BBMP/2017-18/EL/WORK_INDENT25602
129,BBMP-EE-ELEC-BOMMANAHALLI,"Providing LED street lights, AB Cable, ACSR wire, Poles, and control Switches, etc., to ward No-175 Bommanahalli","1,499,617",21/04/2017,09/05/2017,OPEN,WORKS,Electrical,BBMP/2017-18/EL/WORK_INDENT25604
131,BBMP-EE-ELEC-BOMMANAHALLI,"Providing Electrical maintemance and repairs to BBMP Buildings in Bangalore South constituency 184,185,191,192,194,195,196 & 197.","149,946",20/04/2017,28/04/2017,OPEN,WORKS,,BBMP/2016-17/HL/WORK_INDENT25282/CALL-2
151,BBMP-EE-PROJECT-WEST,Upgradation of Swimming pool n Ward No.68,"17,669,305",26/04/2017,15/05/2017,OPEN,WORKS,Other Works,BBMP/2017-18/OW/WORK_INDENT25767
152,BBMP-EE-PROJECT-WEST,Construction Of Indoor Sports Complex and Other Development Works in K.G. Ground at Lakshminagara SVK Layout in Ward No.75,"45,595,950",26/04/2017,15/05/2017,OPEN,WORKS,Buildings,BBMP/2017-18/BD/WORK_INDENT25761
153,BBMP-EE-PROJECT-WEST,"Upgradation of Kamalammana Gundi Playground in Ward No.67, Nagapura (Phase I)","19,359,134",26/04/2017,15/05/2017,OPEN,WORKS,Buildings,BBMP/2017-18/BD/WORK_INDENT25762
154,BBMP-EE-PROJECT-WEST,"Construction Of Maternity Hospital In Ward No.74, Shakthi Ganapathinagar","13,839,332",26/04/2017,15/05/2017,OPEN,WORKS,Buildings,BBMP/2017-18/BD/WORK_INDENT25764
155,BBMP-EE-PROJECT-WEST,Construction Of Indoor Badminton Court And Other Improvement Works At Sangolli Rayanna Play Ground In Ward No.126.,"7,378,171",26/04/2017,15/05/2017,OPEN,WORKS,Buildings,BBMP/2017-18/BD/WORK_INDENT25765
156,BBMP-EE-ELEC-MAHADEVAPURA,Providing and fixing of LED Street lights in Ward No. 26 in K.R.Puram Division,"1,499,820",25/04/2017,12/05/2017,OPEN,WORKS,Electrical,BBMP/2017-18/EL/WORK_INDENT25667
158,BBMP-EE-ELEC-MAHADEVAPURA,Led pilot Project in Ward No.52 K.R.Puram in Mahadevapura Zone.,"2,398,640",26/04/2017,12/05/2017,OPEN,WORKS,Electrical,BBMP/2017-18/EL/WORK_INDENT25651
159,BBMP-CE-RRNAGAR,"House keeping of Electrical Cremetorium by engaging required staff including Periodically cleaning of furnace D.G set cleaning of scrubber,chiminey etc, complete at Peenya in ward No 38 of RR Nagar Zone","499,993",26/04/2017,10/05/2017,OPEN,WORKS,Other Works,BBMP/2017-18/OW/WORK_INDENT25740
160,BBMP-CE-RRNAGAR,"Maintenance of electrical Cremitorium furnance and equipments using necesssery spare parts, tools and skilled man power etc, complete at Peenya in ward No 38 of RR Nagar Zone .","899,996",26/04/2017,10/05/2017,OPEN,WORKS,Other Works,BBMP/2017-18/OW/WORK_INDENT25756
164,BBMP-EE-MALLESHWARAM,Improvements & Development of Roads in ward No-64 & 65,"98,469,212",24/04/2017,10/05/2017,OPEN,WORKS,Other Works,BBMP/2017-18/OW/WORK_INDENT25733
165,BBMP-EE-MALLESHWARAM,Improvements & Development of Roads in ward No-66 &76,"91,441,632",24/04/2017,10/05/2017,OPEN,WORKS,Other Works,BBMP/2017-18/OW/WORK_INDENT25734
167,BBMP-EE-GANDHINAGAR,"Comprensive Development of Roads with Asphalting, Impts to Drains and Footpath, Shoulder drain, In Cottonpet Sub Division Ward-109, 120, and 121 In Gandhinagar Division (Package-2)","76,699,984",20/04/2017,05/05/2017,OPEN,WORKS,,BBMP/2015-16/OW/WORK_INDENT21033/CALL-2
168,BBMP-EE-GANDHINAGAR,"Comprensive Development of Roads with Asphalting, Impts to Drains and Footpath, Shoulder drain, In Gandhinagar Sub Division Ward-77, 94, 95 and 96 In Gandhinagar Division(Package-1)","130,555,550",20/04/2017,05/05/2017,OPEN,WORKS,,BBMP/2015-16/OW/WORK_INDENT21046/CALL-2
169,BBMP-EE-CVRAMANNAGAR,CONSTRUCTION OF ADDITIONAL FIRST FLOOR BUILDING ON EXISTING BUILDING IN VISHVESHWARAIAH PARK IN WARD NO.58,"909,632",20/04/2017,08/05/2017,OPEN,WORKS,,BBMP/2016-17/BD/WORK_INDENT23175/CALL-3
170,BBMP-EE-CVRAMANNAGAR,"Construction of Community Toilet Near Gangman Qtrs, in Ward No.80 Hoysalanagara","1,102,088",21/04/2017,08/05/2017,OPEN,WORKS,,BBMP/2016-17/BD/WORK_INDENT23119/CALL-3
171,BBMP-EE-CVRAMANNAGAR,Rennovation of ARO office in Ward No.88,"1,298,324",21/04/2017,08/05/2017,OPEN,WORKS,,BBMP/2016-17/BD/WORK_INDENT23121/CALL-3
173,BBMP-EE-ELEC-BOMMANAHALLI,Providing Electrical Maintenance and repair to Kudulu Electrical Crematorium in Bommanahalli Zone,"1,599,958",23/04/2017,28/04/2017,OPEN,WORKS,Electrical,BBMP/2017-18/EL/WORK_INDENT25704
174,BBMP-EE-HEBBALA-EAST-ZN,Drilling of Borewells with pipeline at Pillappa block and Vasanthappa Garden in Ward no 20 Ganganagar,"1,259,601",25/04/2017,28/04/2017,OPEN,WORKS,Water supply/sewage lines,BBMP/2017-18/WS/WORK_INDENT25735
175,BBMP-EE-HEBBALA-EAST-ZN,Providing drinking water works in Ward No.46 in Hebbal Division,"1,299,696",25/04/2017,28/04/2017,OPEN,WORKS,Water supply/sewage lines,BBMP/2017-18/WS/WORK_INDENT25742
184,BBMP-Corporation-Off,"Consultancy service for Construction supervision Project Management and quality control for the work of Improvements and asphalting of Package no-S-2016-17-5 selected Arterial, Sub arterial and other Roads in Road Infrastructure South Division PMC 3","1,590,000",19/04/2017,24/04/2017,OPEN,SERVICES,,EE/RIS/PMC/3/16-17
185,BBMP-Corporation-Off,"Consultancy service for Construction supervision Project Management and quality control for the work of Improvements and asphalting of Package no-S-2016-17-6 selected Arterial, Sub arterial and other Roads in Road Infrastructure South Division PMC4","1,860,000",19/04/2017,24/04/2017,OPEN,SERVICES,,EE/RIS/PMC/4/16-17
186,BBMP-EE-Chamarajpeth,Engaging Private Labour and Tractor for Ward Maintenance in Ward No. 140,"1,198,752",07/04/2017,22/04/2017,OPEN,WORKS,,BBMP/2016-17/OW/WORK_INDENT24761/CALL-2
188,BBMP-EE-Chamarajpeth,"ANNUAL MAINTENANCE OF BBMP RANGAMANDIRA, BANGALORE ONE, WARD OFFICE AND CORPORATORS OFFICE BUILDING IN JJR NAGAR WARD NO. 136","1,194,900",23/04/2017,26/04/2017,OPEN,WORKS,Other Works,BBMP/2017-18/OW/WORK_INDENT25506
189,BBMP-EE-Chamarajpeth,Providing CC camera at Garbage block spots in ward no 136,"8,161",23/04/2017,26/04/2017,OPEN,WORKS,Other Works,BBMP/2017-18/OW/WORK_INDENT25687
